Sno,Name,Youtuber,Country,Subscribers,Category_2,Avg_views,Avg_likes,Avg_Comments,Category_3
1,T-Series,tseries,India,224400000.0,Music & Dance,141500.0,4600.0,125.0,,
2,Cocomelon - Nursery Rhymes,checkgate,United States,142500000.0,Education,12500000.0,64800.0,0.0,,
3,PewDiePie,PewDiePie,United States,111600000.0,Animation,1900000.0,130500.0,7400.0,,
4,MrBeast,MrBeast6000,United States,104100000.0,Video games,44800000.0,2200000.0,70900.0,Humor,
5,✿ Kids Diana Show,✿ Kids Diana Show,United Arab Emirates,100500000.0,Animation,6900000.0,34800.0,0.0,Toys,
6,Like Nastya,Like Nastya,United States,100400000.0,Toys,5300000.0,28100.0,0.0,,
7,WWE,WWEFanNation,United States,90800000.0,Video games,139500.0,4800.0,205.0,,
8,Zee Music Company,zeemusiccompany,India,87700000.0,Music & Dance,103700.0,1400.0,54.0,,
9,Vlad and Niki,Vlad and Niki,United States,86100000.0,Animation,5300000.0,14400.0,0.0,Toys,
10,BLACKPINK,BLACKPINK,United States,80300000.0,Music & Dance,10400000.0,1400000.0,42000.0,,
11,5-Minute Crafts,5-Minute Crafts,India,77300000.0,,214100.0,1800.0,77.0,,
12,Goldmines,GoldminesTelefilms,India,75700000.0,Movies,141900.0,2100.0,56.0,,
13,Sony SAB,sabtv,India,71700000.0,Movies,61700.0,924.0,18.0,Animation,
14,BANGTANTV,BANGTANTV,India,70600000.0,Music & Dance,3900000.0,743300.0,15800.0,,
15,HYBE LABELS,ibighit,United States,68200000.0,Music & Dance,1000000.0,173100.0,4500.0,,
16,Canal KondZilla,CanalKondZilla,Brazil,66000000.0,Music & Dance,37400.0,1700.0,109.0,,
17,Zee TV,zeetv,India,63400000.0,Entertainment,109400.0,1100.0,15.0,,
18,Shemaroo Filmi Gaane,filmigaane,India,61800000.0,Music & Dance,30400.0,273.0,14.0,,
19,Pinkfong Baby Shark - Kids' Songs & Stories,SmartBooksMedia,South Korea,60000000.0,Animation,523200.00000000006,1300.0,0.0,Toys,
20,ChuChu TV Nursery Rhymes & Kids Songs,ChuChu TV Nursery Rhymes & Kids Songs,India,58400000.0,Toys,758800.0,3600.0,0.0,,
21,Dude Perfect,corycotton,United States,58300000.0,Video games,6400000.0,206700.0,7900.0,,
22,Movieclips,movieclips,United States,57800000.0,Movies,18800.0,181.0,11.0,Animation,
23,Colors TV,colorstv,India,56000000.0,Entertainment,19300.0,407.0,5.0,,
24,Marshmello,Marshmello,United States,55900000.0,Music & Dance,197900.0,13200.0,729.0,,
25,Wave Music,BHOJPURIWAVE,India,53900000.0,Music & Dance,56600.0,857.0,94.0,,
26,Tips Official,tipsmusic,India,53500000.0,Music & Dance,233300.0,2800.0,60.0,,
27,Aaj Tak,aajtaktv,India,53400000.0,News & Politics,7500.0,138.0,11.0,,
28,EminemMusic,EminemMusic,United States,53300000.0,Movies,1600000.0,90600.0,5300.0,Animation,
29,T-Series Bhakti Sagar,tseriesbhakti,India,53300000.0,Music & Dance,45600.0,1300.0,53.0,,
30,Sony Music India,sonymusicindiaSME,India,53000000.0,Music & Dance,451400.0,15900.0,1100.0,,
31,Ed Sheeran,EdSheeran,United States,52400000.0,Music & Dance,239100.0,20900.0,1100.0,,
32,El Reino Infantil,ReinoMariaElenaWalsh,Argentina,52300000.0,Music & Dance,234600.0,894.0,0.0,,
33,LooLoo Kids - Nursery Rhymes and Children's Songs,LooLooKids,United States,50200000.0,Music & Dance,1100000.0,5700.0,0.0,,
34,YRF,yrf,India,48200000.0,Music & Dance,67200.0,3400.0,19.0,Movies,
35,BillionSurpriseToys - English Kids Songs & Cartoon,BillionSurpriseToys - English Kids Songs & Cartoon,United Arab Emirates,47300000.0,Toys,399900.0,0.0,0.0,,
36,Infobells - Hindi,infobellshindirhymes,India,46400000.0,Education,967000.0,4800.0,0.0,,
37,JuegaGerman,JuegaGerman,Mexico,46400000.0,Movies,1700000.0,114400.0,3900.0,Animation,
38,Badabun,Badabun,Mexico,45800000.0,Entertainment,9400.0,447.0,8.0,,
39,Fernanfloo,Fernanfloo,Mexico,45200000.0,Animation,3300000.0,0.0,26600.0,Video games,
40,Felipe Neto,felipeneto,Brazil,44400000.0,Humor,1000000.0,124500.0,1300.0,,
41,BRIGHT SIDE,BRIGHT SIDE,United States,44000000.0,Animation,51300.0,1400.0,116.0,,
42,whinderssonnunes,whinderssonnunes,Brazil,44000000.0,Music & Dance,350900.0,58800.0,1600.0,Animation,
43,Você Sabia?,vcsabiavideos,Brazil,43500000.0,Education,488200.0,46400.0,228.0,,
44,Bad Bunny,Bad Bunny,Mexico,43300000.0,Music & Dance,41300000.0,1400000.0,62000.0,Movies,
45,SonyMusicIndiaVEVO,sonymusicindiaVEVO,India,43200000.0,Music & Dance,76800.0,2400.0,93.0,,
46,Get Movies,getmovies,Russia,41900000.0,Movies,60400.0,375.0,0.0,,
47,A4,A4,Russia,41700000.0,Animation,10000000.0,483600.0,30400.0,Humor,
48,Like Nastya Show,Like Nastya Show,United States,41600000.0,Animation,121600.0,786.0,0.0,Toys,
49,Speed Records,speedrecordss,India,41100000.0,Music & Dance,47500.0,1500.0,76.0,,
50,ABS-CBN Entertainment,ABSCBNOnline,Philippines,41000000.0,Entertainment,1200.0,19.0,0.0,,
51,Shemaroo,ShemarooEnt,India,40600000.0,Movies,8900.0,65.0,4.0,,
52,elrubiusOMG,elrubiusOMG,Spain,40500000.0,Animation,0.0,0.0,0.0,Video games,
53,Little Baby Bum - Nursery Rhymes & Kids Songs,LittleBabyBum,,39800000.0,Animation,218600.0,532.0,0.0,Toys,
54,Voot Kids,Voot Kids,,39400000.0,Movies,1500000.0,11800.0,0.0,Animation,
55,Luisito Comunica,LuisitoComunicaa,Mexico,39400000.0,Daily vlogs,4000000.0,124200.0,3900.0,,
56,Маша и Медведь,MashaMedvedTV,,38900000.0,Education,1500000.0,7800.0,0.0,,
57,TheEllenShow,TheEllenShow,United States,38300000.0,Entertainment,16100.000000000002,411.0,40.0,,
58,Ishtar Music,venus,India,38100000.0,Music & Dance,54500.0,1300.0,17.0,,
59,LUCCAS NETO - LUCCAS TOON,luccasneto,Brazil,37900000.0,Movies,923800.0,16400.0,0.0,Animation,
60,GR6 EXPLODE,gr6explode,Brazil,37900000.0,Music & Dance,75200.0,4800.0,133.0,,
61,Kimberly Loaiza,Kimberly Loaiza,Mexico,37500000.0,Daily vlogs,2000000.0,389700.0,4100.0,,
62,Shakira,shakira,United States,37500000.0,Music & Dance,2100000.0,0.0,2400.0,,
63,WorkpointOfficial,WorkpointOfficial,Thailand,37300000.0,Entertainment,10600.0,168.0,5.0,,
64,Daddy Yankee,DaddyYankeeOFFTV,Colombia,36900000.0,Music & Dance,0.0,0.0,0.0,,
65,Toys and Colors,Toys and Colors,,36900000.0,Movies,2700000.0,4500.0,0.0,Toys,
66,CarryMinati,AddictedA1,India,36700000.0,Movies,24700000.0,4400000.0,170900.0,Humor,
67,TEDx Talks,TEDxTalks,United States,36200000.0,Education,205.0,4.0,0.0,,
68,shfa2 - شفا,shfa2 - شفا,,36100000.0,Daily vlogs,326000.0,3200.0,0.0,,
69,shfa,shfa,France,36100000.0,Daily vlogs,3700000.0,52900.0,0.0,,
70,Jkk Entertainment,Jkk Entertainment,India,36000000.0,,3900000.0,32600.0,450.0,,
71,Masha and The Bear,Masha and The Bear,Russia,35700000.0,Animation,1800000.0,7600.0,0.0,Toys,
72,Super Simple Songs - Kids Songs,SuperSimpleSongs,Canada,35600000.0,Music & Dance,1800000.0,3800.0,0.0,,
73,Ozuna,Ozuna,United States,35300000.0,Music & Dance,27300000.0,116700.0,4100.0,,
74,Goldmines Gaane Sune Ansune,Goldmines Gaane Sune Ansune,India,34800000.0,Music & Dance,33100.0,271.0,14.0,,
75,one31,gmmonetv,Thailand,34600000.0,,6600.0,127.0,2.0,,
76,Mikecrack,Mikecrack,Mexico,34500000.0,Movies,2800000.0,334800.0,6100.0,Animation,
77,Like Nastya ESP,Like Nastya ESP,,34100000.0,,372400.0,1200.0,0.0,,
78,Maria Clara & JP,Maria Clara & JP,Brazil,33600000.0,Toys,5900000.0,40000.0,0.0,,
79,YouTube,YouTube,United States,33600000.0,,258800.0,0.0,0.0,,
80,Markiplier,markiplierGAME,United States,33600000.0,Animation,2600000.0,145900.0,5800.0,Video games,
81,VEGETTA777,vegetta777,Mexico,33600000.0,Video games,766500.0,57400.0,416.0,,
82,Total Gaming,Total Gaming,India,33500000.0,Video games,1200000.0,127400.0,6300.0,,
83,ARY Digital HD,ARY Digital HD,Pakistan,33500000.0,Entertainment,10400.0,121.0,6.0,,
84,ABP NEWS,abpnewstv,India,33500000.0,News & Politics,3500.0,43.0,4.0,,
85,Desi Music Factory,Desi Music Factory,India,33200000.000000004,Music & Dance,3200000.0,4400.0,2500.0,,
86,Ultra Bollywood,UltraHindi,India,33100000.0,,24900.0,217.0,9.0,,
87,Sony PAL,sonypalindia,India,33100000.0,Entertainment,9100.0,104.0,8.0,,
88,Geet MP3,Geet MP3,India,33100000.0,Music & Dance,341800.0,22800.0,1200.0,,
89,NoCopyrightSounds,NoCopyrightSounds,United States,32900000.0,Music & Dance,362500.0,15600.0,1200.0,,
90,Ryan's World,Ryan's World,,32900000.0,Animation,826900.0,4100.0,0.0,Toys,
91,HAR PAL GEO,harpalgeo,Pakistan,32800000.0,,5000.0,44.0,2.0,,
92,SSSniperWolf,SSSniperWolf,United States,32700000.000000004,Humor,3900000.0,107200.0,6900.0,,
93,T-Series Apna Punjab,tseriesapnapunjab,India,32600000.0,Music & Dance,30000.0,1600.0,31.0,,
94,IndiaTV,IndiaTV,India,32400000.0,News & Politics,8600.0,134.0,12.0,,
95,KHANDESHI MOVIES,KHANDESHI MOVIES,India,32300000.0,,4500000.0,36700.0,579.0,,
96,La Granja de Zenón,cancionesdelagranja,,31800000.0,Music & Dance,668200.0,2900.0,0.0,Animation,
97,GENIAL,GENIAL,Mexico,31500000.0,Animation,51500.0,1800.0,68.0,,
98,Eros Now Music,erosentertainment,India,31200000.0,,20500.0,552.0,22.0,,
99,Galinha Pintadinha,juptube,,31100000.0,Music & Dance,21700000.0,64900.00000000001,0.0,,
100,Bollywood Classics,tseriesoldisgold,India,31000000.0,Music & Dance,30700.0,547.0,28.0,,
101,Luis Fonsi,Luis Fonsi,United States,31000000.0,,34800.0,3100.0,69.0,,
102,SMTOWN,SMTOWN,United States,31000000.0,Music & Dance,326000.0,51400.0,1600.0,,
103,Selena Gomez,SelGomez,United States,30900000.0,,347900.0,38600.0,796.0,,
104,Mr Bean,MrBean,India,30800000.0,,191100.0,2700.0,80.0,,
105,Rajshri,rajshri,India,30600000.0,,18500.0,145.0,8.0,,
106,Ricis Official,Ricis Official,Indonesia,30600000.0,Music & Dance,621600.0,27300.0,789.0,Movies,
107,Trap Nation,AllTrapNation,United States,30400000.0,Music & Dance,74900.0,2600.0,96.0,,
108,DisneyMusicVEVO,DisneyMusicVEVO,United States,30300000.0,Music & Dance,295200.0,6100.0,393.0,Movies,
109,The Tonight Show Starring Jimmy Fallon,latenight,United States,30200000.0,Movies,166500.0,5600.0,171.0,Humor,
110,Saregama Music,SongsOfIndianCinema,India,30100000.0,Music & Dance,26600.0,967.0,11.0,,
111,AH,AH,Indonesia,30000000.0,Music & Dance,831500.0,37300.0,2600.0,Movies,
112,Spinnin' Records,SpinninRec,United States,29800000.0,Music & Dance,56000.0,2600.0,74.0,,
113,rezendeevil,rezendeevil,Brazil,29600000.0,Movies,293400.0,28500.0,742.0,Humor,
114,BabyBus - Kids Songs and Cartoons,BabyBus - Kids Songs and Cartoons,,29600000.0,Animation,792600.0,4500.0,0.0,Toys,
115,The Weeknd,xoxxxoooxo,United States,29500000.0,Music & Dance,652500.0,50100.0,2400.0,,
116,Jingle Toons,Jingle Toons,India,29100000.0,,82500.0,830.0,10.0,,
117,PowerKids TV,PowerKids,India,29100000.0,Movies,83500.0,0.0,0.0,Animation,
118,Worldwide Records Bhojpuri,WWRBhojpuri,India,29000000.0,Music & Dance,85500.0,2300.0,103.0,,
119,ImagineDragons,ImagineDragons,United States,28800000.0,Music & Dance,133500.0,13700.0,151.0,,
120,Vlad và Nikita,Vlad và Nikita,,28800000.0,Movies,3300000.0,24600.0,0.0,Humor,
121,MrBeast Gaming,MrBeast Gaming,United States,28800000.0,Animation,8800000.0,419900.0,16500.0,Video games,
122,Ultra Music,UltraRecords,United States,28800000.0,Music & Dance,22800.0,824.0,41.0,,
123,jacksepticeye,jacksepticeye,United States,28800000.0,Video games,2300000.0,125600.0,6200.0,,
124,Maluma,Maluma,Colombia,28800000.0,Music & Dance,45600.0,2600.0,202.0,,
125,Techno Gamerz,Techno Gamerz,India,28600000.0,,4000000.0,319500.0,15400.0,,
126,Peppa Pig - Official Channel,theofficialpeppa,,28500000.0,Toys,886300.0,4200.0,0.0,,
127,Wow Kidz,Wow Kidz,,28300000.0,Animation,57700.0,643.0,0.0,Humor,
128,قناة طيور الجنة | toyoraljanahtv,toyoraljanahtv,,28300000.0,Music & Dance,252300.0,0.0,0.0,,
129,DONA 도나,DONA 도나,United States,28200000.0,,0.0,0.0,0.0,,
130,Talking Tom,TalkingTomCat,United States,28100000.0,,769900.0,839.0,0.0,,
131,Little Angel: Nursery Rhymes & Kids Songs,Little Angel: Nursery Rhymes & Kids Songs,,28000000.0,Toys,1300000.0,7400.0,0.0,,
132,KAROL G,Karolgmusic,Colombia,28000000.0,Music & Dance,51800000.0,1700000.0,96200.0,,
133,The Late Late Show with James Corden,TheLateLateShow,United States,28000000.0,Animation,86700.0,2300.0,130.0,Humor,
134,GMANetwork,GMANETWORK,Philippines,27900000.0,,3200.0,78.0,2.0,,
135,MR. INDIAN HACKER,MR. INDIAN HACKER,India,27400000.0,,5600000.0,451900.0,18500.0,,
136,TheDonato,TheDonato,Mexico,27300000.0,,380600.0,34200.0,678.0,,
137,Zee News,zeenews,India,27200000.0,News & Politics,10800.0,202.0,14.0,,
138,infobells - Tamil,infobellstamil,,27200000.0,Education,375200.0,1800.0,0.0,,
139,Genevieve's Playhouse - Learning Videos for Kids,Genevieve's Playhouse - Learning Videos for Kids,,27100000.0,Toys,1300000.0,1200.0,0.0,,
140,Diana and Roma ESP,Diana and Roma ESP,,26700000.0,Animation,728900.0,3900.0,0.0,,
141,ToypuddingTV,toypudding,India,26600000.0,,5300.0,32.0,1.0,,
142,व्लाद और निकिता,व्लाद और निकिता,,26600000.0,,460000.0,3900.0,0.0,,
143,Bounce Patrol - Kids Songs,Bounce Patrol - Kids Songs,,26600000.0,Music & Dance,1000000.0,5900.0,0.0,,
144,Aditya Music,adityamusic,India,26500000.0,Music & Dance,16800.0,359.0,17.0,,
145,infobells - Telugu,infobellstelugu,,26400000.0,Education,305900.0,1400.0,0.0,,
146,enchufetv,enchufetv,Ecuador,26400000.0,,178200.0,14400.0,71.0,,
147,DanTDM,TheDiamondMinecart,United States,26300000.0,Video games,1600000.0,48400.0,5100.0,,
148,WORLDSTARHIPHOP,WorldStarHipHopTV,United States,26100000.0,Music & Dance,34600.0,1100.0,86.0,,
149,toycantando,toycantando,,25900000.0,Music & Dance,99700.0,481.0,0.0,Animation,
150,VanossGaming,VanossGaming,United States,25800000.0,Animation,1000000.0,45600.0,647.0,Video games,
151,1MILLION Dance Studio,1MILLION Dance Studio,India,25700000.0,,48600.0,2500.0,36.0,,
152,Renato Garcia,xSkyHeLLxx,Brazil,25700000.0,Movies,1100000.0,97900.0,1500.0,Animation,
153,LosPolinesios,LosPolinesios,Mexico,25700000.0,Music & Dance,1700000.0,62000.0,2200.0,Movies,
154,JYP Entertainment,jypentertainment,United States,25500000.0,Music & Dance,219800.0,24100.0,1300.0,,
155,BB Ki Vines,BB Ki Vines,India,25500000.0,Movies,6700000.0,870800.0,73300.0,Humor,
156,Lucas and Marcus,TwiNboTzVids,United States,25500000.0,Animation,1000000.0,25700.0,1200.0,Humor,
157,Nick Jr.,nickelodeonjuniorfr,,25400000.0,Animation,76300.0,241.0,0.0,Toys,
158,Smosh,smosh,United States,25100000.0,Movies,213100.0,12600.0,437.0,Humor,
159,Beyoncé,beyonce,United States,25100000.0,Music & Dance,5300000.0,221400.0,12500.0,,
160,Jess No Limit,Jess No Limit,Indonesia,24900000.0,Movies,319900.0,11700.0,897.0,Animation,
161,Goldmines Dishoom,Goldmines Dishoom,,24800000.0,,28300.0,327.0,0.0,,
162,WatchMojo.com,WatchMojo,United States,24700000.0,Movies,92300.0,2500.0,310.0,,
163,Nicki Minaj,NickiMinajTelevision,United States,24700000.0,Music & Dance,350500.0,32700.000000000004,2400.0,,
164,Sandeep Maheshwari,Sandeep Maheshwari,India,24700000.0,Daily vlogs,257100.00000000003,28000.0,172.0,,
165,Masha y el Oso,Masha y el Oso,,24500000.0,Animation,562900.0,3500.0,0.0,,
166,Netflix,NewOnNetflix,United States,24500000.0,Movies,198900.0,3400.0,321.0,Animation,
167,Raffy Tulfo in Action,Raffy Tulfo in Action,Philippines,24500000.0,News & Politics,680200.0,10500.0,1000.0,,
168,David Guetta,davidguettavevo,Brazil,24500000.0,Music & Dance,178200.0,6500.0,369.0,,
169,Post Malone,postmalone,United States,24500000.0,Music & Dance,138200.0,9800.0,573.0,,
170,ZHC,ZHC,United States,24500000.0,Design/art,0.0,0.0,0.0,DIY & Life Hacks,
171,1theK (원더케이),LOENENT,Indonesia,24300000.0,,12300.0,1100.0,49.0,,
172,Rans Entertainment,Rans Entertainment,Indonesia,24200000.0,Music & Dance,894400.0,29700.0,737.0,Humor,
173,Amit Bhadana,Amit Bhadana,India,24200000.0,Humor,0.0,0.0,0.0,,
174,Chloe Ting,Chloe Ting,United States,24100000.0,Fitness,183600.0,10700.0,374.0,Health & Self Help,
175,Aditya Movies,adityacinema,India,24100000.0,,22400.0,496.0,17.0,,
176,KSI,KSIOlajidebt,United Kingdom,24100000.0,Music & Dance,453800.0,51700.0,1800.0,,
177,James Charles,James Charles,United States,23900000.0,Beauty,1100000.0,65300.0,1400.0,Fashion,
178,Ninja,NinjasHyper,United States,23900000.0,Animation,251400.0,11300.0,613.0,Video games,
179,Diana and Roma HIN,Diana and Roma HIN,,23700000.0,,328000.0,1700.0,0.0,,
180,Chris Brown,ChrisBrownTV,United States,23700000.0,Music & Dance,9800000.0,361300.0,19300.0,,
181,Coldplay,ColdplayVEVO,United States,23600000.0,Music & Dance,329500.0,13700.0,600.0,,
182,Logan Paul,Logan Paul,United States,23600000.0,Video games,0.0,0.0,0.0,Humor,
183,TRANS7 OFFICIAL,TRANS7indonesia,Indonesia,23500000.0,Food & Drinks,6600.0,89.0,8.0,,
184,ABPLIVE,ABPLIVE,India,23500000.0,News & Politics,2500.0,28.0,3.0,,
185,Happy Lives,Happy Lives,,23500000.0,,30800.0,218.0,0.0,,
186,Shemaroo Movies,shemaroomovies,India,23400000.0,Movies,45000.0,474.0,12.0,,
187,Troom Troom,Troom Troom,Ukraine,23400000.0,Animation,367100.0,3500.0,128.0,Toys,
188,NickyJamTV,NickyJamTV,Colombia,23300000.0,Music & Dance,26800.0,2300.0,65.0,Movies,
189,Mister Max,Mister Max,Russia,23100000.0,DIY & Life Hacks,1800000.0,34800.0,1300.0,,
190,Enrique Iglesias,EnriqueIglesiasPlay,United States,23000000.0,Music & Dance,29000.0,2800.0,155.0,,
191,Sesame Street,SesameStreet,,23000000.0,,199300.0,517.0,0.0,,
192,Tina Pontes,mildicasdemulher,Brazil,23000000.0,,105300.0,4000.0,0.0,,
193,netd müzik,netdmuzikk,Turkey,22900000.0,Music & Dance,9300.0,244.0,50.0,,
194,Jelly,JellyYT,United States,22900000.0,Video games,224100.0,10300.0,531.0,,
195,Goldmines Bollywood,Goldmines Bollywood,India,22900000.0,,20200.0,117.0,7.0,,
196,Crazy XYZ,Crazy XYZ,India,22900000.0,,3700000.0,294100.0,10200.0,,
197,Anuel AA,Anuel AA,Colombia,22700000.0,Music & Dance,44400000.0,832600.0,58200.0,Animation,
198,DrossRotzank,DrossRotzank,Mexico,22700000.0,,2200000.0,150200.0,8400.0,,
199,The Lallantop,The Lallantop,India,22600000.0,News & Politics,36900.0,1000.0,107.0,,
200,Miss Katy,Miss Katy,Russia,22500000.0,Video games,1000000.0,15600.0,667.0,,
201,Frost Diamond,Frost Diamond,Indonesia,22500000.0,Music & Dance,488900.0,35100.0,1200.0,Video games,
202,HUM TV,HumNetwork,Pakistan,22500000.0,,1600.0,10.0,0.0,,
203,Like Nastya AE,Like Nastya AE,,22400000.0,,456200.0,3000.0,0.0,,
204,WB Kids,WB Kids,,22400000.0,Movies,92600.0,559.0,0.0,Animation,
205,The Chainsmokers,THECHAINSMOKERS,United States,22300000.0,Humor,34800.0,1700.0,47.0,,
206,Technical Guruji,Technical Guruji,India,22300000.0,,178400.0,10500.0,1200.0,,
207,GMM GRAMMY OFFICIAL,gmmgrammyofficial,Thailand,22300000.0,Music & Dance,3800.0,72.0,3.0,,
208,Venus Movies,VenusMovies,India,22200000.0,,143600.0,1200.0,29.0,,
209,Smile Family,Smile Family,,22100000.0,Movies,78400.0,719.0,0.0,Toys,
210,mmoshaya,mmoshaya,Saudi Arabia,22100000.0,,2000000.0,33100.0,2200.0,,
211,America's Got Talent,AmericasGotTalent,United States,21900000.0,Music & Dance,263300.0,4200.0,246.0,Movies,
212,White Hill Music,WHBBP,India,21900000.0,Music & Dance,22700.0,1700.0,54.0,,
213,Paulo Londra,Paulo Londra,Argentina,21900000.0,Music & Dance,12500000.0,682900.0,24700.0,,
214,Diana and Roma ARA,Diana and Roma ARA,,21900000.0,,1200000.0,8200.0,0.0,,
215,TED,TEDtalksDirector,United States,21900000.0,,47500.0,1300.0,162.0,,
216,Goldmines Movies,goldmineshindi,India,21700000.0,,9000.0,81.0,5.0,,
217,FaZe Rug,oRugrat,United States,21700000.0,Video games,4100000.0,106200.0,7300.0,Humor,
218,Peppa Pig Español Latino - Canal Oficial,PeppaLatinoAmericano,,21600000.0,Toys,624900.0,3200.0,0.0,,
219,Pen Movies,PenIndiaPvtLimited,India,21600000.0,Movies,56000.0,2500.0,79.0,Animation,
220,Enaldinho,TheEnaldinhO,Brazil,21600000.0,Movies,816100.0,43800.0,656.0,,
221,BabyBus - Canciones Infantiles & Cuentos,BabyBus - Canciones Infantiles & Cuentos,,21400000.0,Movies,478200.0,2300.0,0.0,Animation,
222,MrBeast en Español,MrBeast en Español,Mexico,21200000.0,,7100000.0,265600.0,10100.0,,
223,Like Nastya PRT,Like Nastya PRT,,21200000.0,,365600.0,2200.0,0.0,,
224,Juan De Dios Pantoja,Juan De Dios Pantoja,Mexico,21200000.0,Daily vlogs,4600000.0,237300.0,4400.0,,
225,SSundee,SSundee,United States,21100000.0,Video games,1700000.0,95100.0,3700.0,,
226,Brent Rivera,Brent Rivera,United States,21100000.0,Video games,5000000.0,201900.0,13100.0,Humor,
227,Tasty,Tasty,United States,21100000.0,Food & Drinks,112800.0,4300.0,64.0,,
228,FGTeeV,FGTeeV,United States,21100000.0,Animation,1300000.0,18500.0,2000.0,Video games,
229,Preston,PrestonPlayz,United States,21000000.0,Animation,1400000.0,53200.0,521.0,Video games,
230,Charlie Puth,CharliesVlogs,United States,21000000.0,Music & Dance,615300.0,59800.0,2200.0,,
231,5-Minute Crafts DIY,5-Minute Crafts DIY,India,20900000.0,Music & Dance,18300.0,303.0,9.0,Humor,
232,D Billions,D Billions,,20900000.0,,1000000.0,1200.0,0.0,,
233,Baim Paula,Baim Paula,Indonesia,20900000.0,Music & Dance,642400.0,27100.0,2100.0,Movies,
234,Goldmines Cineplex,Goldmines Cineplex,India,20800000.0,,6400.0,84.0,3.0,,
235,Canal Canalha,CanalCanalha,Brazil,20700000.0,Sports,1200000.0,146900.0,4100.0,,
236,Kids TV - Nursery Rhymes And Baby Songs,Kids TV - Nursery Rhymes And Baby Songs,,20700000.0,Toys,122400.0,379.0,0.0,,
237,National Geographic,NationalGeographic,United States,20500000.0,,40300.0,1600.0,57.0,,
238,Disney Latinoamérica,DisneyChannelLA,,20500000.0,,22100.0,129.0,0.0,,
239,Brave Wilderness,Brave Wilderness,United States,20500000.0,,1600000.0,32200.000000000004,3100.0,,
240,Family GamesTV,Family GamesTV,,20500000.0,,9600.0,0.0,0.0,,
241,StarPlus,starplus,India,20500000.0,,260900.0,5600.0,69.0,,
242,Ultra Movie Parlour,UltraMovieParlour,India,20300000.0,,40700.0,910.0,15.0,,
243,BuzzFeedVideo,BuzzFeedVideo,United States,20300000.0,Food & Drinks,33100.0,824.0,23.0,,
244,AuthenticGames,AuthenticGames,Brazil,20200000.0,Movies,26400.0,2000.0,114.0,Video games,
245,Rotana,RotanaAudio,Saudi Arabia,20100000.0,Music & Dance,153800.0,7200.0,172.0,,
246,LazarBeam,LazarBeam,United States,20100000.0,Animation,0.0,0.0,0.0,Video games,
247,shfa show India,shfa show India,,20100000.0,Daily vlogs,1200000.0,9400.0,0.0,,
248,SlivkiShow,SlivkiChanel,Russia,20100000.0,Video games,2800000.0,195900.0,21900.0,,
249,5-Minute Crafts PLAY,5-Minute Crafts PLAY,India,20100000.0,,79700.0,297.0,14.0,,
250,REACT,TheFineBros,United States,20100000.0,Humor,137500.0,5400.0,400.0,,
251,Vevo,VEVO,United States,20100000.0,Music & Dance,11500.0,415.0,5.0,,
252,HaerteTest,HaerteTest,India,20000000.0,,23400.0,151.0,32.0,,
253,LankyBox,LankyBox,United States,20000000.0,Video games,438000.0,6600.0,360.0,,
254,Lyrical Lemonade,GooodLifeFilms,United States,19900000.0,,2900000.0,60200.0,2900.0,,
255,Tlnovelas,TelenovelaTelevisa,Mexico,19900000.0,,11800.0,282.0,8.0,,
256,Mnet K-POP,Mnet,United States,19900000.0,Music & Dance,9500.0,900.0,33.0,Animation,
257,Pencilmation,rossbollinger,United States,19900000.0,Animation,172900.0,2500.0,76.0,Humor,
258,Totoy kids - Português,Totoy kids - Português,,19900000.0,Animation,872400.0,4600.0,0.0,,
259,Vlad and Niki Arabic,Vlad and Niki Arabic,,19900000.0,,975300.0,6500.0,0.0,,
260,toyorbabytv,toyorbabytv,,19800000.0,Music & Dance,157300.0,0.0,0.0,,
261,Pentatonix,PTXofficial,United States,19700000.0,Music & Dance,120300.0,5700.0,103.0,,
262,Dr. Vivek Bindra: Motivational Speaker,MrVivekBindra,India,19700000.0,Education,172900.0,9400.0,608.0,,
263,Romeo Santos,romeo,United States,19700000.0,Music & Dance,837100.0,38100.0,1600.0,,
264,Marvel Entertainment,MARVEL,United States,19700000.0,Movies,299400.0,12100.0,786.0,Animation,
265,Noor Stars,Noor Stars,Iraq,19600000.0,Movies,1300000.0,131100.0,6500.0,Humor,
266,Got Talent Global,gottalentglobal,United States,19500000.0,,127000.0,1400.0,57.0,,
267,★ Kids Roma Show,★ Kids Roma Show,,19500000.0,Animation,1300000.0,8300.0,0.0,Toys,
268,Gordon Ramsay,gordonramsay,United States,19500000.0,Food & Drinks,153800.0,3900.0,320.0,Health & Self Help,
269,Deddy Corbuzier,corbuzierprediction,Indonesia,19500000.0,,4200000.0,70700.0,8100.0,,
270,Kinder Spielzeug Kanal,Kinder Spielzeug Kanal,,19400000.0,Animation,83400.0,852.0,0.0,Toys,
271,Troom Troom Es,Troom Troom Es,Mexico,19300000.0,,125700.0,2500.0,72.0,,
272,Infinite,Infinite,United States,19300000.0,Video games,776700.0,25300.0,2400.0,Humor,
273,Eva Bravo Play,Eva Bravo Play,,19300000.0,,523500.0,3400.0,0.0,,
274,Robin Hood Gamer,RobinHoodGamer1,Brazil,19300000.0,Animation,1000000.0,51400.0,784.0,Video games,
275,Kurzgesagt – In a Nutshell,Kurzgesagt,United States,19300000.0,Education,7000000.0,329700.0,24700.0,,
276,Fatos Desconhecidos,fatosdesconhecidos,Brazil,19200000.0,Science & Technology,194500.0,19000.0,683.0,,
277,Beast Reacts,Beast Reacts,United States,19100000.0,,12700000.0,389700.0,7100.0,,
278,Sun TV,Sun TV,India,19100000.0,,89400.0,1600.0,19.0,,
279,Crafty Panda,Crafty Panda,India,19100000.0,Music & Dance,81300.0,571.0,15.0,,
280,NBA,NBA,United States,19100000.0,Sports,58300.0,1700.0,119.0,,
281,DLS News,DLS News,India,19000000.0,News & Politics,61500.0,1700.0,104.0,,
282,Clash of Clans,OfficialClashOfClans,United States,18900000.0,Movies,299400.0,14000.0,394.0,Animation,
283,invictor,invictorgs3,Mexico,18900000.0,Animation,1300000.0,70200.0,982.0,Video games,
284,Netflix India,Netflix India,India,18900000.0,,131000.0,2800.0,105.0,,
285,Jimmy Kimmel Live,JimmyKimmelLive,United States,18900000.0,Movies,133100.0,3400.0,257.0,,
286,The ACE Family,The ACE Family,United States,18900000.0,Humor,702100.0,26000.0,2500.0,,
287,Green Gold TV - Official Channel,greengoldtv,,18800000.0,,922600.0,7400.0,0.0,,
288,Britain's Got Talent,BritainsGotTalent09,United Kingdom,18700000.0,Music & Dance,192200.0,1100.0,44.0,Movies,
289,TRT Originals Urdu,TRT Originals Urdu,Pakistan,18700000.0,,308200.0,13600.0,328.0,,
290,AS Gaming,AS Gaming,India,18700000.0,,370700.0,32700.000000000004,1100.0,,
291,TheWillyrex,TheWillyrex,Spain,18600000.0,,25400.0,1500.0,0.0,,
292,The Royalty Family,The Royalty Family,United States,18500000.0,Humor,3400000.0,90200.0,0.0,,
293,Vania Mania Kids,Vania Mania Kids,,18500000.0,Animation,368000.0,1700.0,0.0,Toys,
294,CookieSwirlC,CookieSwirlC,United States,18500000.0,Video games,238100.0,3300.0,535.0,,
295,Official Pink Panther,PinkPanther,,18400000.0,Movies,674900.0,4800.0,0.0,Animation,
296,Sonotek,sonotekvideo,India,18400000.0,Music & Dance,28600.0,655.0,58.0,Animation,
297,BabyBus - Cerita & Lagu Anak-anak,BabyBus - Cerita & Lagu Anak-anak,,18400000.0,Movies,626400.0,4500.0,0.0,Humor,
298,KBS WORLD TV,kbsworld,Indonesia,18400000.0,,5300.0,137.0,6.0,,
299,MiawAug,MiawAug,Indonesia,18400000.0,Video games,850700.0,35400.0,2100.0,,
300,CKN,CKN,,18300000.0,Video games,235300.0,1400.0,0.0,Toys,
301,HiMan,HiMan,Russia,18300000.0,Video games,1600000.0,76900.0,2400.0,,
302,ElTrollino,ElTrollino,Mexico,18300000.0,Animation,3500000.0,102600.0,2800.0,Video games,
303,Unbox Therapy,Unbox Therapy,United States,18300000.0,Science & Technology,1200000.0,28200.0,3300.0,,
304,Turma da Mônica,turmadamonicaTV,,18200000.0,,127300.0,1200.0,0.0,,
305,Diana and Roma EN,TheElenaYa,,18200000.0,Animation,701100.0,2800.0,0.0,Toys,
306,Heidi & Zidane बच्चों की कहानियाँ,Heidi & Zidane बच्चों की कहानियाँ,,18200000.0,Daily vlogs,165100.0,1300.0,0.0,,
307,Ninja Kidz TV,Ninja Kidz TV,United States,18200000.0,Video games,793900.0,18800.0,1300.0,,
308,INCRÍVEL,INCRÍVEL,,18200000.0,Animation,26100.0,1300.0,33.0,,
309,TheOdd1sOut,TheOdd1sOut,United States,18100000.0,Movies,1100000.0,44200.0,1600.0,Animation,
310,Dan-Sa / Daniel Saboya,DanielSaboya,Brazil,18100000.0,Music & Dance,40700.0,1300.0,48.0,Animation,
311,Emiway Bantai,Emiway Bantai,India,18100000.0,Music & Dance,1600000.0,208500.0,23600.0,,
312,GEN HALILINTAR,GEN HALILINTAR,Indonesia,18100000.0,Music & Dance,195700.0,10400.0,238.0,Humor,
313,Мирошка ТВ,Мирошка ТВ,United States,18100000.0,,15000.0,87.0,3.0,,
314,Vsauce,Vsauce,United States,18100000.0,Science & Technology,318900.0,17600.0,489.0,,
315,Farruko,farrukotv,United States,18100000.0,Music & Dance,641600.0,39600.0,1800.0,,
316,Kids Channel India - Hindi Rhymes and Baby Songs,Kids Channel India - Hindi Rhymes and Baby Songs,,18000000.0,Education,120200.0,1000.0,0.0,,
317,SCTV,SCTVIndonesia,Indonesia,17900000.0,Music & Dance,24200.0,410.0,23.0,Movies,
318,Village Cooking Channel,Village Cooking Channel,India,17900000.0,,4700000.0,262500.0,5500.0,,
319,Like Nastya Vlog,Like Nastya Vlog,,17900000.0,Daily vlogs,415900.0,1800.0,0.0,,
320,Good Mythical Morning,rhettandlink2,United States,17900000.0,Food & Drinks,1200000.0,34600.0,1400.0,,
321,Naisa Alifia Yuriza (N.A.Y),Naisa Alifia Yuriza (N.A.Y),Indonesia,17900000.0,Music & Dance,908300.0,35500.0,596.0,Movies,
322,Lil Pump,Lil Pump,United States,17900000.0,Music & Dance,1300000.0,77600.0,8100.0,,
323,Demi Lovato,therealdemilovato,United States,17800000.0,Music & Dance,53500.0,5300.0,136.0,,
324,Marmok,dj47maryn,Russia,17800000.0,Animation,3900000.0,377100.0,17600.0,Video games,
325,RsiamMusic : อาร์สยาม,rsiammusic,Thailand,17800000.0,Music & Dance,10100.0,274.0,9.0,,
326,Познаватель,ThePoznavatel,Russia,17700000.0,Toys,3100000.0,65600.0,2400.0,DIY & Life Hacks,
327,TheGrefg,TheGrefg,Spain,17700000.0,Animation,986100.0,74800.0,1300.0,Video games,
328,Ali-A,Matroix,United States,17700000.0,Video games,466400.0,13600.0,904.0,,
329,Little Angel Español - Canciones Infantiles,Little Angel Español - Canciones Infantiles,,17700000.0,Animation,425600.0,2600.0,0.0,,
330,Vlad and Niki IDN,Vlad and Niki IDN,,17700000.0,Music & Dance,605500.0,2500.0,0.0,Movies,
331,Mother Goose Club Playhouse,SockeyeMedia,,17700000.0,Music & Dance,62900.0,160.0,0.0,,
332,etvteluguindia,etvteluguindia,India,17600000.0,,18800.0,211.0,3.0,,
333,Khan GS Research Centre,Khan GS Research Centre,India,17600000.0,Education,7100000.0,540400.0,23200.0,,
334,Sebastián Yatra,SebastianYatra,Colombia,17600000.0,Music & Dance,84900.0,5300.0,389.0,,
335,TED-Ed,TEDEducation,United States,17500000.0,Science & Technology,202500.0,12300.0,358.0,,
336,officialpsy,officialpsy,United States,17500000.0,Music & Dance,3200000.0,258400.0,7400.0,,
337,Porta dos Fundos,portadosfundos,Brazil,17400000.0,Movies,738900.0,73600.0,725.0,Animation,
338,Kiddiestv Hindi - Nursery Rhymes & Kids Songs,Kiddiestv Hindi - Nursery Rhymes & Kids Songs,,17400000.0,Education,55600.0,210.0,0.0,,
339,Junya Official Channel,Junya Official Channel,Japan,17400000.0,,2100000.0,24100.0,132.0,,
340,RobleisIUTU,RobleisIUTU,Argentina,17400000.0,Movies,838800.0,57000.0,1900.0,Animation,
341,Maya and Mary,Maya and Mary,,17400000.0,Toys,1600.0,0.0,0.0,Education,
342,Rafa & Luiz,Rafa & Luiz,Brazil,17400000.0,Video games,587500.0,33000.0,703.0,,
343,Masha e o Urso,Masha e o Urso,,17400000.0,,489100.0,3600.0,0.0,,
344,Stubborn Facts,Stubborn Facts,India,17300000.0,,66700.0,3400.0,166.0,,
345,SQUEEZIE,aMOODIEsqueezie,France,17300000.0,,5300000.0,423000.0,7900.0,,
346,EeOneGuy,EeOneGuy,Russia,17300000.0,Music & Dance,204600.0,13200.0,5600.0,,
347,SUPER SLICK SLIME SAM,SUPER SLICK SLIME SAM,Mexico,17200000.0,,222200.0,6700.0,176.0,,
348,Willyrex,Willyrex,Mexico,17200000.0,Video games,151900.0,13200.0,66.0,,
349,Grammy Gold Official,grammygoldofficia,Thailand,17200000.0,Music & Dance,15000.0,312.0,9.0,,
350,DUDU e CAROL,DUDU e CAROL,Brazil,17200000.0,,3100000.0,188300.0,1100.0,,
351,شبكة العاب العرب | Arab Games Network,ArabGamesNetwork,Algeria,17200000.0,,307500.0,28200.0,1400.0,,
352,Sourav Joshi Vlogs,Sourav Joshi Vlogs,India,17000000.0,Daily vlogs,5800000.0,532300.0,13900.0,,
353,IGN,IGNentertainment,United States,17000000.0,,45700.0,1000.0,105.0,,
354,Jason Derulo,JasonDerulo,United States,17000000.0,Music & Dance,68100.0,4500.0,66.0,,
355,Guava Juice,aynakoitsroi,United States,17000000.0,,217400.0,6300.0,708.0,,
356,7clouds,monstafluffmusicTV,United States,16900000.0,Music & Dance,233600.0,5200.0,175.0,,
357,Jane ASMR 제인,Jane ASMR 제인,United States,16900000.0,Daily vlogs,290000.0,5600.0,285.0,,
358,Anitta,AnittaOficial,Brazil,16900000.0,Music & Dance,3200000.0,132500.0,9100.0,,
359,Doggy Doggy Cartoons,kidstvsongs,,16800000.0,,3100.0,50.0,0.0,,
360,Triggered Insaan,Triggered Insaan,India,16800000.0,Humor,5600000.0,521300.0,15700.0,,
361,SOMOY TV,SOMOY TV,Bangladesh,16800000.0,Daily vlogs,8300.0,185.0,13.0,,
362,Dhar Mann,Dhar Mann,United States,16800000.0,Health & Self Help,5800000.0,130700.0,6100.0,,
363,Dushyant kukreja,Dushyant kukreja,India,16700000.0,,3700000.0,245300.0,531.0,,
364,Manual do Mundo,iberethenorio,Brazil,16700000.0,Science & Technology,411500.0,53300.0,645.0,,
365,Shemaroo Comedy,indiancomedy,India,16700000.0,,98900.0,913.0,26.0,,
366,TheBrianMaps,TheBrianMaps,Russia,16600000.000000002,Video games,3100000.0,204300.0,11400.0,Humor,
367,Tu COSMOPOLIS,Tu COSMOPOLIS,Mexico,16600000.000000002,News & Politics,78600.0,6200.0,534.0,,
368,DeToxoMoroxo,jquintanac5,Mexico,16600000.000000002,Movies,571900.0,34600.0,9100.0,Animation,
369,Alejo Igoa,Alejo Igoa,Argentina,16600000.000000002,DIY & Life Hacks,6800000.0,293500.0,76700.0,,
370,Goldmines Great Indian Comedy,Goldmines Great Indian Comedy,India,16600000.000000002,,14100.0,180.0,9.0,,
371,zbing z.,zbingzbing,Thailand,16500000.0,Animation,390300.0,15600.0,541.0,Video games,
372,SonyMusicSouthVEVO,SonyMusicSouthVEVO,,16500000.0,Music & Dance,21000.0,577.0,21.0,,
373,tanboy kun,tanboy kun,Indonesia,16500000.0,Music & Dance,2000000.0,47500.0,2100.0,,
374,IDEAS EN 5 MINUTOS,IDEAS EN 5 MINUTOS,Mexico,16500000.0,,39800.0,335.0,8.0,,
375,Apple,Apple,,16399999.999999998,Music & Dance,2300000.0,27500.0,0.0,Animation,
376,Zuni and Family,Zuni and Family,,16399999.999999998,Daily vlogs,225500.0,1300.0,0.0,,
377,Prajapati News,Prajapati News,India,16399999.999999998,,24700.0,1300.0,64.0,,
378,Sandra Cires Art,Sandra Cires Art,Colombia,16399999.999999998,,412000.0,37400.0,537.0,,
379,Blippi - Educational Videos for Kids,Blippi - Educational Videos for Kids,,16399999.999999998,Education,1300000.0,4200.0,0.0,Toys,
380,Sidemen,Sidemen,United Kingdom,16399999.999999998,Video games,10200000.0,412200.0,10600.0,Humor,
381,ExtraPolinesios,ppextras,Mexico,16399999.999999998,Daily vlogs,131800.0,5600.0,157.0,,
382,Dan Rhodes,Dan Rhodes,India,16300000.0,Animation,1800000.0,119000.0,409.0,Toys,
383,RKD Studios,rkddigital,India,16300000.0,,171400.0,1900.0,56.0,,
384,Antrax,Antrax,Mexico,16300000.0,Video games,570500.0,41400.0,1500.0,,
385,The Game Theorists,MatthewPatrick13,United States,16200000.0,Science & Technology,2300000.0,123900.0,5900.0,,
386,Queen Official,queenofficial,United States,16200000.0,Music & Dance,0.0,0.0,0.0,Movies,
387,Fede Vigevani,Fede Vigevani,Mexico,16200000.0,,3500000.0,202700.0,10600.0,,
388,FailArmy,failarmy,United States,16200000.0,Animation,2600000.0,28600.0,2100.0,Humor,
389,El Reino a Jugar,El Reino a Jugar,,16200000.0,Education,400700.0,1800.0,0.0,Toys,
390,Katie Angel,Katie Angel,Mexico,16100000.000000002,,306100.0,25900.0,173.0,,
391,Les' Copaque Production,lescopaque,Indonesia,16100000.000000002,,74900.0,878.0,35.0,,
392,VICE,vice,United States,16100000.000000002,News & Politics,414400.0,5600.0,1300.0,,
393,Kaykai Salaider,Kaykai Salaider,Thailand,16100000.000000002,Movies,1100000.0,103600.0,4700.0,Humor,
394,Boyce Avenue,boyceavenue,Brazil,16000000.0,Music & Dance,314700.0,11500.0,450.0,,
395,Marques Brownlee,marquesbrownlee,United States,16000000.0,Science & Technology,2700000.0,127000.0,4300.0,,
396,Sony AATH,Sony AATH,Bangladesh,16000000.0,,59200.0,1000.0,40.0,,
397,YOLO AVENTURAS,YOLO AVENTURAS,Mexico,16000000.0,,1700000.0,140700.0,708.0,,
398,Zhong,Zhong,United States,16000000.0,,3400000.0,252500.0,1500.0,,
399,jeffreestar,jeffreestar,United States,16000000.0,Beauty,1200000.0,50000.0,5500.0,,
400,Aayu and Pihu Show,Aayu and Pihu Show,India,16000000.0,Movies,3100000.0,71300.0,4200.0,Humor,
401,DopeLyrics,DopeLyrics,United States,16000000.0,Music & Dance,10300.0,272.0,28.0,,
402,JJ Olatunji,KSIOlajidebtHD,United States,16000000.0,,3900000.0,286400.0,11900.0,,
403,Zappy Toons - Hindi Nursery Rhymes and Stories,Zappy Toons - Hindi Nursery Rhymes and Stories,,16000000.0,Education,317500.0,1500.0,0.0,,
404,Smile Family Spanish,Smile Family Spanish,,15900000.0,,440700.0,2500.0,0.0,,
405,Jason Vlogs,Jason Vlogs,,15900000.0,Animation,454300.0,2100.0,0.0,Toys,
406,AMARINTV : อมรินทร์ทีวี,AMARINTV : อมรินทร์ทีวี,Thailand,15900000.0,News & Politics,6400.0,93.0,7.0,,
407,Ivana Alawi,Ivana Alawi,Philippines,15800000.0,Daily vlogs,3700000.0,196800.0,11600.0,,
408,Matt Stonie,MegatoadStonie,United States,15800000.0,Food & Drinks,1200000.0,52300.0,2500.0,,
409,Pitbull,PitbullMusic,United States,15800000.0,Music & Dance,18500.0,1600.0,43.0,,
410,Caeli YT,CaELiKe,,15800000.0,,43400.0,1600.0,199.0,,
411,News24,News24page,India,15800000.0,News & Politics,5800.0,110.0,10.0,,
412,Pop Chartbusters,popchartbusters,India,15800000.0,Music & Dance,36900.0,10100.0,37.0,,
413,Rotten Tomatoes Trailers,movieclipsTRAILERS,United States,15800000.0,Movies,41900.0,659.0,71.0,Animation,
414,AdMe,AdMe,Russia,15800000.0,Animation,50500.0,1500.0,81.0,,
415,Gato Galactico | GALÁXIA,OGatoGalactico,Brazil,15600000.0,Animation,90400.0,4900.0,78.0,,
416,And TV,And TV,India,15600000.0,,8900.0,104.0,4.0,,
417,Roman Atwood Vlogs,RomanAtwoodVlogs,United States,15600000.0,Movies,311000.0,0.0,995.0,Humor,
418,Dyland PROS,Dyland PROS,Indonesia,15500000.0,Movies,33300.0,2100.0,98.0,Animation,
419,FitDance,portalfitdance,,15500000.0,Music & Dance,32900.0,1100.0,16.0,,
420,RCTI - LAYAR DRAMA INDONESIA,RCTI - LAYAR DRAMA INDONESIA,Indonesia,15400000.0,Music & Dance,20000.0,353.0,22.0,Movies,
421,Camilo,CamiloMusicaVideo,Colombia,15400000.0,Music & Dance,157000.0,9300.0,125.0,,
422,MrBeast Shorts,MrBeast Shorts,United States,15400000.0,Daily vlogs,15500000.0,1300000.0,4800.0,,
423,Like Nastya VNM,Like Nastya VNM,,15400000.0,,524800.0,0.0,0.0,,
424,SriBalajiMovies,SriBalajiMovies,India,15400000.0,,12900.0,85.0,2.0,,
425,LOKESH GAMER,LOKESH GAMER,India,15400000.0,,349200.0,40600.0,1500.0,,
426,T3ddy,T3DDYgames,Brazil,15300000.0,Daily vlogs,801500.0,79900.0,2200.0,,
427,Stokes Twins,alanalan9635,United States,15300000.0,Video games,11900000.0,404600.0,40200.0,Humor,
428,With Kids[위드키즈],With Kids[위드키즈],United States,15300000.0,,71100.0,0.0,0.0,,
429,Kerajinan 5-Menit,Kerajinan 5-Menit,Indonesia,15200000.0,Music & Dance,17000.0,147.0,6.0,,
430,Like Nastya IDN,Like Nastya IDN,,15200000.0,Music & Dance,150600.0,0.0,0.0,Movies,
431,Oyuncak Avı,Oyuncak Avı,,15200000.0,,284800.0,0.0,15.0,,
432,Dangal TV Channel,Dangal TV Channel,India,15200000.0,,63800.0,956.0,6.0,,
433,5-Minute Crafts FAMILY,5-Minute Crafts FAMILY,United States,15200000.0,,16100.000000000002,175.0,9.0,,
434,SAM SMITH,SAM SMITH,United States,15200000.0,,29900.0,2000.0,61.0,,
435,Ch7HD,bbtvch7,Thailand,15200000.0,,7100.0,135.0,2.0,,
436,TheRichest,TheRichest,United States,15200000.0,News & Politics,22200.0,644.0,81.0,,
437,POPS Kids,popskids,Indonesia,15200000.0,Animation,4100.0,53.0,0.0,,
438,حِرف إبداعية في 5 دقائق,حِرف إبداعية في 5 دقائق,Egypt,15100000.0,,35800.0,344.0,16.0,,
439,Lahari Music | T-Series,laharimusic,India,15100000.0,Music & Dance,30600.0,1300.0,23.0,,
440,LEGO,LEGO,United States,15100000.0,Animation,54800.0,666.0,0.0,,
441,НТВ,ntvru,Russia,15000000.0,News & Politics,82300.0,901.0,216.0,,
442,Henrique e Juliano,hejproducao,Brazil,15000000.0,Music & Dance,71800.0,3700.0,152.0,,
443,Mariale,Mariale,Mexico,15000000.0,,154700.0,7000.0,285.0,,
444,Talking Tom & Friends,TalkingFriends,United States,15000000.0,Animation,220600.0,2300.0,0.0,Humor,
445,Makiman131,Makiman131,Spain,15000000.0,Movies,279500.0,15600.0,604.0,Animation,
446,Ranz Kyle,ranziscool,Philippines,15000000.0,Humor,786300.0,27400.0,881.0,,
447,Volga Video,newvolgavideo,India,15000000.0,,5300.0,43.0,2.0,,
448,Harsh Beniwal,Harsh Beniwal,India,15000000.0,Movies,13800000.0,1200000.0,31600.0,Humor,
449,NichLmao,NichLmao,United States,15000000.0,Daily vlogs,4700000.0,361200.0,2000.0,,
450,Super Senya,Super Senya,,15000000.0,Animation,37200.0,167.0,0.0,Toys,
451,LIV Crime,LIV Crime,India,15000000.0,Daily vlogs,95500.0,1100.0,35.0,,
452,Niana Guerrero,Niana Guerrero,Philippines,15000000.0,Music & Dance,1000000.0,31500.0,1100.0,Humor,
453,Wow Kidz Action,Wow Kidz Action,,15000000.0,,1300000.0,9100.0,0.0,,
454,League of Legends,RiotGamesInc,United States,15000000.0,Movies,515800.0,33500.0,1100.0,Animation,
455,GMMTV OFFICIAL​​,GMMTVSPOTLIKE,Thailand,15000000.0,Music & Dance,24900.0,544.0,14.0,Movies,
456,Kwebbelkop,kwebbelkop,United States,15000000.0,Animation,100200.0,3000.0,284.0,Video games,
457,La Rosa de Guadalupe,La Rosa de Guadalupe,Mexico,14900000.0,,90800.0,865.0,19.0,,
458,NDTV India,ndtvindia,India,14900000.0,News & Politics,12700.0,305.0,33.0,,
459,BBC News Hindi,bbchindi,India,14900000.0,News & Politics,167300.0,0.0,311.0,,
460,MK MUSIC,mkmusicnews,Brazil,14900000.0,Music & Dance,20400.0,1900.0,33.0,,
461,Dave and Ava - Nursery Rhymes and Baby Songs,Dave and Ava - Nursery Rhymes and Baby Songs,,14900000.0,Education,212000.0,906.0,0.0,,
462,Linus Tech Tips,LinusTechTips,United States,14900000.0,Science & Technology,1500000.0,66600.0,3000.0,,
463,Lachlan,Lachlan,United States,14900000.0,Video games,420100.0,19900.0,612.0,,
464,Plim Plim - Kids Songs & Episodes - Spanish,elcanaldePlimPlim,,14800000.0,Music & Dance,735100.0,5500.0,0.0,,
465,Daniel LaBelle,Daniel LaBelle,United States,14800000.0,,23100000.0,459400.0,2900.0,,
466,Zé Neto e Cristiano,zncoficial,Brazil,14800000.0,,29500.0,3200.0,39.0,,
467,iTownGamePlay *Terror&Diversión*,iTownGamePlay,Mexico,14800000.0,News & Politics,134500.0,5200.0,291.0,,
468,les boys tv2,les boys tv2,France,14800000.0,Sports,7400.0,0.0,0.0,,
469,NMF News,narendramodionline,India,14700000.0,News & Politics,12600.0,299.0,35.0,,
470,Planeta das Gêmeas,Planeta das Gêmeas,,14700000.0,Toys,432200.0,17900.0,57.0,,
471,News18 India,News18 India,India,14700000.0,News & Politics,2700.0,46.0,2.0,,
472,TWICE,TWICE,Philippines,14700000.0,Music & Dance,565900.0,61600.0,500.0,Movies,
473,IDEIAS INCRÍVEIS,IDEIAS INCRÍVEIS,Brazil,14700000.0,,13600.0,257.0,6.0,,
474,LEGENDA FUNK,LEGENDA FUNK,Brazil,14700000.0,Music & Dance,6700.0,268.0,9.0,Animation,
475,Thairath Online,thairathonline,Thailand,14700000.0,News & Politics,16900.0,233.0,23.0,,
476,Jorge & Mateus Oficial,jemproducoes,Brazil,14600000.0,Music & Dance,1100000.0,12800.0,250.0,,
477,MattyBRaps,MattyBRaps,United States,14600000.0,Music & Dance,3500000.0,15200.0,0.0,Movies,
478,T-Series Bollywood Classics,BollywoodClassics,India,14600000.0,Music & Dance,40500.0,305.0,11.0,,
479,حقائق وأسرار,حقائق وأسرار,Egypt,14600000.0,,0.0,0.0,0.0,,
480,Team Films Bhojpuri,TeamFilmsBhojpuri,India,14600000.0,Music & Dance,17600.0,442.0,48.0,Movies,
481,Daftar Populer,Daftar Populer,Indonesia,14600000.0,News & Politics,99000.0,1900.0,199.0,,
482,Major Lazer Official,majorlazer,United States,14600000.0,Music & Dance,28700.0,1500.0,95.0,Movies,
483,Drawblogs,Drawblogs,Mexico,14600000.0,Movies,19100.0,858.0,58.0,Animation,
484,Maha Fun Tv,Maha Fun Tv,India,14600000.0,,68200.0,1700.0,145.0,,
485,CollegeHumor,collegehumor,United States,14600000.0,Movies,146000.0,7400.0,817.0,Humor,
486,Fueled By Ramen,FueledByRamen,United States,14600000.0,,36900.0,2000.0,114.0,,
487,Canal Nostalgia,Canal Nostalgia,,14600000.0,Science & Technology,209800.0,41500.0,286.0,,
488,Johny FamilyShow,Johny FamilyShow,,14500000.0,Music & Dance,88400.0,303.0,0.0,Toys,
489,XpressTV,XpressTV,Mexico,14500000.0,Science & Technology,1400000.0,48500.0,556.0,,
490,Arif muhammad,Arif muhammad,Indonesia,14500000.0,Music & Dance,2900000.0,77600.0,3200.0,Movies,
491,Mobile Legends: Bang Bang Official,Mobile Legends: Bang Bang Official,Indonesia,14500000.0,Movies,420700.0,3100.0,26.0,Animation,
492,Zach King,Zach King,United States,14500000.0,Movies,633700.0,0.0,899.0,Humor,
493,Fun For Kids TV - Hindi Rhymes,Fun For Kids TV - Hindi Rhymes,,14500000.0,,522300.0,2900.0,0.0,,
494,Busy Fun Ltd,Busy Fun Ltd,India,14500000.0,,9000000.0,35500.0,584.0,,
495,Boram Tube ToysReview [보람튜브 토이리뷰],Boram Tube ToysReview [보람튜브 토이리뷰],,14500000.0,Daily vlogs,28100.0,273.0,0.0,,
496,Super Polina,Super Polina,Russia,14500000.0,,8900.0,61.0,0.0,,
497,Martin Garrix,MartinGarrix,United States,14400000.0,Music & Dance,54000.0,5100.0,103.0,,
498,The Slow Mo Guys,theslowmoguys,United States,14400000.0,,946900.0,62900.0,2800.0,,
499,It's Mamix,It's Mamix,Russia,14400000.0,DIY & Life Hacks,2900000.0,0.0,5200.0,,
500,Chad Wild Clay,chadwildclay,United States,14400000.0,Movies,2200000.0,38200.0,6500.0,Humor,
501,Gyan Gamingㅤ,Gyan Gamingㅤ,India,14400000.0,,371800.0,38600.0,863.0,,
502,Unspeakable,Unspeakable,United States,14400000.0,Video games,3300000.0,62700.0,7200.0,Humor,
503,Totoy kids - Español,Totoy kids - Español,,14400000.0,Toys,731300.0,3400.0,0.0,,
504,PlayStation,PlayStation,United States,14400000.0,,43800.0,1400.0,158.0,,
505,Genierock,Genierock,Thailand,14400000.0,Music & Dance,100700.0,988.0,64.0,,
506,CoryxKenshin,CoryxKenshin,United States,14400000.0,Video games,7500000.0,528300.0,34100.0,Humor,
507,Aphmau,ChallengeAcceptedInc,United States,14300000.0,Animation,2500000.0,59800.0,4400.0,Video games,
508,ABS-CBN News,TheABSCBNNews,Philippines,14300000.0,News & Politics,5400.0,50.0,4.0,,
509,Mohamed Ramadan I محمد رمضان,MRamadanOfficial,Egypt,14200000.0,Music & Dance,2400000.0,59400.0,4100.0,,
510,Zach Choi ASMR,Zach Choi ASMR,United States,14200000.0,Daily vlogs,166700.0,11000.0,114.0,,
511,Camila Loures,camilaloures,Brazil,14200000.0,Movies,239900.0,18800.0,325.0,Humor,
512,Anasala I أنس و أصالة,Anasala I أنس و أصالة,Egypt,14200000.0,,2700000.0,194200.0,7700.0,,
513,CNN,CNN,United States,14200000.0,Music & Dance,323200.0,4700.0,4200.0,Animation,
514,Gulshan Kalra,Gulshan Kalra,India,14200000.0,,8900000.0,477600.0,561.0,,
515,Taarak Mehta Ka Ooltah Chashmah,Taarak Mehta Ka Ooltah Chashmah,India,14200000.0,,348000.0,5700.0,88.0,,
516,UFC - Ultimate Fighting Championship,UFC,United States,14200000.0,Sports,135800.0,3000.0,301.0,,
517,Trap City,OfficialTrapCity,United States,14200000.0,Music & Dance,35500.0,1800.0,76.0,,
518,O Canal do Joãozinho - Little Angel Português,O Canal do Joãozinho - Little Angel Português,,14200000.0,Animation,764100.0,3500.0,0.0,,
519,Daily Dose Of Internet,Daily Dose Of Internet,United States,14100000.0,Animals & Pets,5100000.0,249500.0,9800.0,,
520,#Refugio Mental,#Refugio Mental,Argentina,14100000.0,Movies,566800.0,6600.0,80.0,,
521,A2 Motivation by {Arvind Arora},A2 Motivation by {Arvind Arora},India,14100000.0,,342100.0,47100.0,208.0,,
522,EdisonPts,EdisonPts,Russia,14100000.0,Video games,2000000.0,144900.0,6900.0,,
523,Трум Трум,Трум Трум,,14100000.0,Humor,237200.0,2900.0,104.0,Toys,
524,DM - Desi Melodies,DM - Desi Melodies,India,14000000.0,Music & Dance,15400000.0,321100.0,18600.0,,
525,Saad Lamjarred | سعد لمجرد,SaadLamjarredTV,Morocco,14000000.0,Music & Dance,2000000.0,74700.0,8400.0,,
526,F2Freestylers - Ultimate Soccer Skills Channel,F2Freestylers,United Kingdom,14000000.0,Sports,957600.0,0.0,328.0,,
527,Blippi Español,Blippi Español,,14000000.0,Toys,485600.0,1700.0,0.0,Education,
528,Doc Tops,Doc Tops,Mexico,14000000.0,Animation,1300000.0,58600.0,805.0,,
529,AM3NlC,AM3NlC,Brazil,14000000.0,Food & Drinks,190600.0,19900.0,276.0,,
530,FC Barcelona,fcbarcelona,United States,14000000.0,Sports,224700.0,14000.0,262.0,,
531,Мастерская Настроения,MasterskayaNastroeny,Russia,14000000.0,Movies,408900.0,10400.0,209.0,Video games,
532,Bie The Ska,bomberball,Thailand,14000000.0,,384500.0,12200.0,265.0,,
533,Auron,Auron,Mexico,14000000.0,Video games,2000000.0,112600.0,1800.0,,
534,NikkieTutorials,NikkieTutorials,United States,14000000.0,Design/art,1700000.0,165300.0,752.0,Beauty,
535,Mis Pastelitos,mispastelitosyoutub,Mexico,13900000.0,Food & Drinks,864600.0,33400.0,1200.0,,
536,Mazhavil Manorama,MazhavilManorama,India,13800000.0,,9600.0,106.0,4.0,,
537,Rosanna Pansino,RosannaPansino,United States,13800000.0,DIY & Life Hacks,206300.0,8800.0,224.0,,
538,MNCTV OFFICIAL,MNCTVOfficial,Indonesia,13800000.0,Music & Dance,2000.0,40.0,1.0,,
539,Hongyu ASMR 홍유,Hongyu ASMR 홍유,United States,13800000.0,ASMR,666700.0,8900.0,258.0,,
540,Kuplinov ► Play,Kuplinov ► Play,Russia,13800000.0,Video games,1300000.0,83600.0,2300.0,,
541,MY FAMILY,MY FAMILY,India,13800000.0,,3700000.0,14200.0,220.0,,
542,CrashCourse,crashcourse,United States,13800000.0,Science & Technology,48600.0,1800.0,65.0,,
543,SMOL,SMOL,United States,13800000.0,,359400.0,16300.0,18.0,,
544,ADEL et SAMI,ADEL et SAMI,France,13800000.0,Music & Dance,63300.0,487.0,0.0,Humor,
545,MSA previously My Story Animated,MSA previously My Story Animated,United States,13800000.0,Animation,7600000.0,200400.0,6700.0,Humor,
546,Jake Fellman,Jake Fellman,United States,13800000.0,,216500.0,9100.0,44.0,,
547,TazerCraft,TazerCraft,Brazil,13800000.0,Movies,462400.0,27000.0,493.0,Animation,
548,MAIKI021,MAIKI021,Brazil,13800000.0,Movies,30200.0,3700.0,75.0,Animation,
549,NOBRU,NOBRU,Brazil,13800000.0,Video games,146400.0,21800.0,174.0,Toys,
550,DangMattSmith,dangmattsmith,,13700000.0,Animation,114300.0,4200.0,436.0,Humor,
551,Wengie,WWWengie,United States,13700000.0,DIY & Life Hacks,74500.0,3500.0,270.0,,
552,Zig & Sharko,Zig & Sharko,,13700000.0,,387500.0,2900.0,0.0,,
553,Aadishakti Films,Aadishakti Films,,13700000.0,Music & Dance,61100.0,2800.0,231.0,,
554,Lyna,SrtaLynaV,Mexico,13700000.0,Movies,458200.0,23700.0,1400.0,Animation,
555,5-Minute Crafts Recycle,5-Minute Crafts Recycle,India,13600000.0,,38500.0,323.0,11.0,,
556,Vlad and Niki ESP,Vlad and Niki ESP,,13600000.0,,621800.0,2900.0,0.0,,
557,Harry Styles,Harry Styles,United States,13600000.0,Music & Dance,0.0,0.0,0.0,,
558,Vlad and Niki ARA,Vlad and Niki ARA,,13600000.0,,381400.0,2900.0,0.0,,
559,Neha Kakkar,NehaKakkarOfficial,India,13600000.0,Music & Dance,130500.0,8300.0,133.0,,
560,ABC News,ABCNews,United States,13600000.0,News & Politics,12500.0,148.0,116.0,,
561,Narins Beauty,Narins Beauty,Iraq,13600000.0,,2900000.0,224400.0,12200.0,,
562,Telemundo,telemundotv,Argentina,13600000.0,,72200.0,2400.0,156.0,,
563,TV Ana Emilia,TV Ana Emilia,Mexico,13600000.0,,264900.0,11400.0,1200.0,,
564,YOLO,YOLO,Mexico,13600000.0,,1100000.0,87400.0,1200.0,,
565,The World Adventures हिन्दी,The World Adventures हिन्दी,,13500000.0,Daily vlogs,17100.0,996.0,33.0,,
566,ZEE5,ZEE5,India,13500000.0,,394.0,6.0,0.0,,
567,Wesley Safadão,bandagarotasafada,Brazil,13500000.0,Music & Dance,30400.0,1800.0,36.0,,
568,PlayHard,boplayhard,Brazil,13500000.0,,458500.0,67800.0,114.0,,
569,Online Job,Online Job,India,13500000.0,,7900.0,203.0,38.0,,
570,Lindsey Stirling,lindseystomp,United States,13500000.0,Music & Dance,241100.0,20100.0,994.0,Movies,
571,Wish 107.5,Wish 107.5,Philippines,13500000.0,Music & Dance,178200.0,4000.0,331.0,,
572,Kurt Hugo Schneider,Kurt Hugo Schneider,United States,13400000.0,,859600.0,2600.0,77.0,,
573,FAPTV,FAPtivi,United States,13400000.0,Animation,3100000.0,0.0,1200.0,Humor,
574,How Ridiculous,whoisjimmy,United States,13400000.0,Video games,1300000.0,52300.0,2300.0,,
575,Gallina Pintadita,GallinaPintadita,,13400000.0,Animation,297000.0,1500.0,0.0,,
576,H2ODelirious,H2ODelirious,United States,13400000.0,Animation,113300.0,6200.0,217.0,Video games,
577,123 GO! Spanish,123 GO! Spanish,Mexico,13400000.0,Animation,475200.0,5500.0,75.0,,
578,Atlantic Records,AtlanticVideos,United States,13400000.0,Music & Dance,9200.0,422.0,11.0,,
579,PrestonPlayz,PrestonPlayz,United States,13400000.0,Animation,1200000.0,44000.0,1400.0,Video games,
580,MyMissAnand,MyMissAnand,India,13300000.0,Movies,1500000.0,49300.0,428.0,Humor,
581,Anaysa,iloveindianmakeup,India,13300000.0,Movies,835100.0,24300.0,707.0,Humor,
582,Infobells Bangla,Infobells Bangla,,13200000.0,Education,466400.0,2500.0,0.0,,
583,ETV Jabardasth,ETV Jabardasth,India,13200000.0,,106400.0,1800.0,38.0,,
584,SRK MUSIC,SRKASSAMESE,India,13200000.0,Music & Dance,317400.0,13800.0,542.0,,
585,Desi Gamers,Desi Gamers,India,13200000.0,,664200.0,89800.0,4000.0,,
586,Coke Studio,Coke Studio,Pakistan,13200000.0,Music & Dance,1900000.0,17500.0,446.0,Movies,
587,Like Nastya Stories,Like Nastya Stories,,13200000.0,,145200.0,1100.0,0.0,,
588,Shorts Break,Shorts Break,India,13200000.0,,15400000.0,810600.0,942.0,,
589,O Reino Infantil,OReinho,,13200000.0,Music & Dance,94500.0,465.0,0.0,,
590,theRadBrad,theRadBrad,United States,13200000.0,Video games,139200.0,5900.0,484.0,,
591,The LaBrant Fam,The LaBrant Fam,United States,13200000.0,Music & Dance,934100.0,26400.0,0.0,Humor,
592,Поззи,PozzitifonShow,Russia,13200000.0,Video games,898600.0,34200.0,2600.0,,
593,The Q,The Q,United States,13100000.0,,2100000.0,51000.0,2700.0,,
594,T-Series Hamaar Bhojpuri,hamaarbhojpuri,India,13100000.0,Music & Dance,12100.0,291.0,33.0,,
595,Alex Gonzaga Official,Alex Gonzaga Official,Philippines,13100000.0,Music & Dance,2900000.0,129800.0,2000.0,Humor,
596,DALLMYD,DALLMYD,United States,13000000.0,Mystery,464200.0,28200.0,1500.0,,
597,Katakit Baby TV,HusamYK,Saudi Arabia,13000000.0,Music & Dance,484400.0,4800.0,0.0,,
598,PowerfulJRE,PowerfulJRE,United States,13000000.0,Daily vlogs,1600000.0,33300.0,3700.0,,
599,Dear Sir,Dear Sir,India,13000000.0,Education,162800.0,11400.0,747.0,,
600,Zeinab Harake,Zeinab Harake,Philippines,13000000.0,Daily vlogs,2500000.0,136600.0,3100.0,,
601,Ajay Sharma,Ajay Sharma,India,13000000.0,,4400000.0,245200.0,208.0,,
602,Matt Steffanina,MattSDance,United States,13000000.0,Music & Dance,116600.0,4800.0,50.0,Movies,
603,NishaMadhulika,NishaMadhulika,India,13000000.0,Food & Drinks,191000.0,5100.0,786.0,,
604,ATHLEAN-X™,JDCav24,United States,13000000.0,Fitness,616400.0,29700.0,810.0,Health & Self Help,
605,Ray William Johnson,RayWilliamJohnson,United States,13000000.0,Animation,3500000.0,338300.0,2800.0,Humor,
606,The Shiny Peanut,The Shiny Peanut,Indonesia,13000000.0,,14400.0,371.0,24.0,,
607,O Que Não Dizer Oficial,O Que Não Dizer Oficial,Brazil,13000000.0,Movies,419900.0,46500.0,535.0,Animation,
608,twenty one pilots,twentyonepilots,United States,13000000.0,Music & Dance,50500.0,5300.0,137.0,,
609,BBC News,bbcnews,United Kingdom,13000000.0,News & Politics,111300.0,1600.0,819.0,,
610,Typical Gamer,typicalgamer,United States,13000000.0,Video games,393800.0,10700.0,333.0,,
611,Everson Zoio,djzoi0,Brazil,12900000.0,Movies,539000.0,71800.0,4200.0,Animation,
612,KOMPASTV,KompasTVNews,Indonesia,12900000.0,News & Politics,8500.0,73.0,27.0,,
613,RedeTV,RedeTVhdBrasil,Brazil,12900000.0,News & Politics,3600.0,129.0,4.0,,
614,MrSuicideSheep,MrSuicideSheep,United States,12800000.0,,68400.0,3200.0,68.0,,
615,Veritasium,1veritasium,United States,12800000.0,Science & Technology,4700000.0,125000.0,5000.0,,
616,Hacksmith,MstrJames,United States,12800000.0,Video games,323200.0,14700.0,318.0,,
617,أترو/Atro,أترو/Atro,Iraq,12800000.0,,413400.0,49700.0,8500.0,,
618,unknown boy varun,unknown boy varun,India,12800000.0,Music & Dance,22400000.0,2100000.0,1800.0,,
619,Jazzghost,jazzghost1,Brazil,12800000.0,Animation,952500.0,58300.0,1700.0,Video games,
620,Rebecca Zamolo,rebeccazamolo1,United States,12800000.0,Video games,3200000.0,67700.0,8700.0,Humor,
621,Lady Diana,Lady Diana,Russia,12800000.0,Music & Dance,2100000.0,63800.0,2800.0,,
622,T-Series Regional,tseriesregional,India,12800000.0,Music & Dance,6500.0,119.0,15.0,,
623,Top Viral Talent,MusicTalentNow,United States,12800000.0,,25100.0,302.0,17.0,,
624,Crescendo com Luluca,Crescendo com Luluca,Brazil,12800000.0,Toys,1200000.0,44600.0,4000.0,,
625,Sony Music South,Sony Music South,India,12800000.0,Movies,265600.0,8000.0,194.0,Animation,
626,VexTrex,VexTrex,,12800000.0,,97700.0,0.0,0.0,,
627,Goldmines Premiere,GoldClassics,,12800000.0,,7600.0,145.0,0.0,,
628,Ei Nerd,einerdtv,Brazil,12800000.0,Movies,284000.0,39100.0,1400.0,Animation,
629,#Refúgio Mental,#Refúgio Mental,Brazil,12800000.0,Movies,341700.0,9800.0,89.0,Animation,
630,ГЛЕНТ,ГЛЕНТ,Russia,12800000.0,Video games,1700000.0,167200.0,5400.0,,
631,Disney Junior,disneyjunior,,12700000.0,Music & Dance,103600.0,272.0,0.0,,
632,Alan Chikin Chow,Alan Chikin Chow,India,12700000.0,,15000000.0,430800.0,611.0,,
633,StudyIQ IAS,StudyIQ IAS,India,12700000.0,Education,8600.0,475.0,10.0,,
634,Health Time,Health Time,India,12700000.0,Daily vlogs,6900.0,238.0,8.0,,
635,Blossom,Blossom,United States,12700000.0,,45800.0,1000.0,11.0,,
636,BBC,BBC,United Kingdom,12600000.0,Movies,19000.0,275.0,33.0,,
637,gymvirtual,gymvirtual,Mexico,12600000.0,Music & Dance,94500.0,3100.0,92.0,,
638,TKOR,1032010814,United States,12600000.0,DIY & Life Hacks,62000.0,1500.0,125.0,,
639,Lokdhun Punjabi,htpunjabi,India,12600000.0,Music & Dance,0.0,0.0,0.0,,
640,BIBO와 장난감,BIBO와 장난감,,12600000.0,,51600.0,0.0,0.0,,
641,Knowledge Tv हिन्दी,Knowledge Tv हिन्दी,India,12600000.0,Education,50300.0,2100.0,105.0,,
642,Juliana Baltar,Juliana Baltar,Brazil,12600000.0,Movies,241100.0,15400.0,477.0,Humor,
643,DJ Khaled,DJ Khaled,United States,12600000.0,Music & Dance,384900.0,14400.0,756.0,,
644,Narendra Modi,Narendra Modi,India,12600000.0,Science & Technology,26600.0,1200.0,105.0,News & Politics,
645,Kabita's Kitchen,Kabita's Kitchen,India,12600000.0,,333700.0,7300.0,461.0,,
646,JOJO TV - Hindi Stories,JOJO TV - Hindi Stories,India,12600000.0,,95200.0,625.0,0.0,,
647,Zee Bangla,zeebangla,India,12600000.0,,17200.0,221.0,2.0,,
648,Awakening Music,awakeningrecords,Indonesia,12600000.0,Music & Dance,22500.0,2000.0,97.0,,
649,Melon City Show - برنامج ولاية بطيخ,Melon City Show - برنامج ولاية بطيخ,Iraq,12600000.0,,356800.0,16900.0,241.0,,
650,Adexe & Nau,AdexeOficial,Mexico,12600000.0,Music & Dance,44200.0,4300.0,159.0,,
651,Parafernalha,canalparafernalha,Brazil,12600000.0,,29200.0,1800.0,11.0,,
652,JesseAndMike,JesseAndMike,United States,12600000.0,,986200.0,11200.0,261.0,,
653,karameeshchannel,karameeshchannel,Jordan,12500000.0,Music & Dance,164900.0,2300.0,0.0,,
654,Piuzinho,Piuzinho,Brazil,12500000.0,Animation,522800.0,126800.0,2400.0,Humor,
655,Brawl Stars,Brawl Stars,United States,12500000.0,Animation,1600000.0,115400.0,5500.0,,
656,ماشا و الدب,ماشا و الدب,,12500000.0,,1100000.0,6800.0,0.0,,
657,Peppa Pig em Português Brasil - Canal Oficial,OficialPeppa,,12500000.0,Movies,631100.0,5400.0,0.0,Animation,
658,Blockbuster Movies,Blockbuster Movies,India,12500000.0,Daily vlogs,146800.0,3500.0,19.0,,
659,Troom Troom India,Troom Troom India,India,12500000.0,,269200.0,2400.0,36.0,,
660,Talking Angela,TalkingAngelaCat,United States,12400000.0,Music & Dance,99400.0,3500.0,122.0,,
661,elliegoulding,elliegoulding,United States,12400000.0,Music & Dance,16700.0,1300.0,51.0,,
662,キッズライン♡Kids Line,runway19co,,12400000.0,Toys,4600.0,0.0,0.0,Education,
663,People Vs Food,React,United States,12400000.0,Food & Drinks,637900.0,23000.0,1300.0,,
664,Come Play With Me,Come Play With Me,,12400000.0,Toys,2500000.0,0.0,0.0,,
665,Meghan Trainor,Meghan Trainor,United States,12400000.0,Music & Dance,17400.0,1300.0,36.0,,
666,Mythpat,Mythpat,India,12400000.0,,4200000.0,357300.0,16900.0,,
667,LOUD,LOUD,Brazil,12400000.0,,165900.0,18100.0,241.0,,
668,CaseyNeistat,caseyneistat,United States,12400000.0,Daily vlogs,939100.0,53600.0,4200.0,,
669,Just For Laughs Gags,JustForLaughsTV,United States,12400000.0,,42400.0,812.0,32.0,,
670,Troom Troom PT,Troom Troom PT,Brazil,12400000.0,Toys,82300.0,1700.0,61.0,,
671,Gibby :),Gibby :),Mexico,12400000.0,Movies,892400.0,59700.0,1900.0,,
672,The Dodo,TheDodoSite,United States,12400000.0,Animals & Pets,471700.0,19100.0,690.0,,
673,Little Baby Bum en Español,LittleBabyBumEspanol,,12400000.0,Education,37900.0,0.0,0.0,,
674,DisneyChannelUK,DisneyChannelUK,,12300000.0,Movies,92600.0,945.0,0.0,Humor,
675,My Mate Nate,My Mate Nate,Thailand,12300000.0,,1400000.0,42500.0,1000.0,,
676,Think Music India,thinkmusicindia,India,12300000.0,Music & Dance,53100.0,2400.0,19.0,,
677,Bispo Bruno Leonardo,Bispo Bruno Leonardo,Brazil,12300000.0,Music & Dance,680900.0,240800.0,186800.0,,
678,Bela Bagunça,Bela Bagunça,Brazil,12300000.0,Movies,125100.0,5700.0,201.0,Animation,
679,GMA News,gmanews,Philippines,12300000.0,News & Politics,3000.0,34.0,5.0,,
680,HZHtube Kids Fun,HZHtube Kids Fun,,12200000.0,Animation,334100.0,2200.0,0.0,Toys,
681,FIFA,FIFATV,United States,12200000.0,Sports,31900.0,1400.0,34.0,,
682,DeGoBooM,DeGoBooM,Mexico,12200000.0,Movies,367100.0,11100.0,278.0,Animation,
683,Geo News,geonews,Pakistan,12200000.0,News & Politics,5700.0,87.0,10.0,,
684,Más SKabeche,Más SKabeche,Mexico,12200000.0,,1500000.0,97600.0,1600.0,,
685,Trakin Tech,Trakin Tech,India,12200000.0,News & Politics,337200.0,19700.0,1100.0,,
686,NDTV,ndtv,India,12200000.0,News & Politics,3000.0,41.0,10.0,,
687,Compot,TastyCompot,Russia,12200000.0,Video games,1100000.0,47800.0,2100.0,,
688,Kids TV India Hindi Nursery Rhymes,kidstvindia,,12200000.0,Education,328400.0,2100.0,0.0,,
689,DaniRep | +6 Vídeos Diarios De GTA 5 Online!,TheDaniRep,Mexico,12200000.0,Animation,206200.0,12000.0,155.0,Video games,
690,Jass Records,officialjassrecords,India,12200000.0,Music & Dance,24700.0,1100.0,10.0,,
691,RaptorGamer,RaptorGamer,Mexico,12100000.0,Animation,624800.0,36900.0,1000.0,Video games,
692,Sonotek Bhakti,htbhakti,India,12100000.0,Music & Dance,83800.0,1200.0,43.0,,
693,Marta and Rustam,Marta and Rustam,India,12100000.0,,4100000.0,150600.0,116.0,,
694,Vogue,Americanvogue,United States,12100000.0,Fashion,266400.0,13500.0,643.0,,
695,The Infographics Show,TheInfographicsShow,United States,12100000.0,Education,232200.0,7400.0,440.0,,
696,Jordan Matter,jordanmatter,United States,12100000.0,Music & Dance,11400000.0,226300.0,21500.0,Humor,
697,Codiscos,Codiscos,,12000000.0,Music & Dance,8900.0,209.0,8.0,,
698,BanderitaX,BanderitaX,Saudi Arabia,12000000.0,Animation,997300.0,122100.0,4400.0,Video games,
699,NORMAN FAIT DES VIDÉOS,NormanFaitDesVideos,France,12000000.0,Movies,0.0,0.0,0.0,Animation,
700,Netflix Jr.,storybots,,12000000.0,Animation,46200.0,132.0,0.0,Humor,
701,Troom Troom Indonesia,Troom Troom Indonesia,Indonesia,12000000.0,Music & Dance,175500.0,1600.0,43.0,Movies,
702,Ice Cream Rolls,Ice Cream Rolls,United States,12000000.0,,66000.0,2100.0,129.0,,
703,Jamuna TV,Jamuna TV,Bangladesh,12000000.0,News & Politics,19400.0,566.0,48.0,,
704,Lulu99,Lulu99,Colombia,12000000.0,,1300000.0,71600.0,5100.0,,
705,CHHOTU KI MASTI,CHHOTU KI MASTI,India,12000000.0,,1700000.0,14000.0,197.0,,
706,Panda,Panda,India,12000000.0,Animation,754300.0,62500.0,1300.0,Toys,
707,Akshay Nagwadiya,Akshay Nagwadiya,India,12000000.0,,3400000.0,257900.0,855.0,,
708,E-MasterSensei,E-MasterSensei,Mexico,12000000.0,Movies,2000000.0,65400.00000000001,1300.0,Video games,
709,Technology Gyan,Technology Gyan,India,12000000.0,,419000.0,34500.0,1700.0,,
710,Planet Earth INDIA,Planet Earth INDIA,India,12000000.0,Daily vlogs,53100.0,1700.0,143.0,,
711,WiederDude,WiederDude,United States,12000000.0,,1600000.0,19900.0,324.0,,
712,Yair17,YairAuriazul,Mexico,12000000.0,Movies,239100.0,28800.0,664.0,Animation,
713,Yudist Ardhana,Yudist Ardhana,Indonesia,12000000.0,Movies,243400.0,7000.0,255.0,,
714,Avril Lavigne,AvrilLavigne,United States,12000000.0,Music & Dance,122200.0,11800.0,454.0,,
715,Rauw Alejandro,Rauw Alejandro,Peru,11900000.0,Music & Dance,0.0,0.0,0.0,,
716,Timba Vk,MrTimbaVk,Mexico,11900000.0,Animation,1100000.0,48800.0,1100.0,Video games,
717,Mor Haryanvi,Mor Haryanvi,India,11900000.0,Music & Dance,170700.0,1800.0,45.0,,
718,Kluna Tik,Kluna Tik,United States,11900000.0,,244200.0,3200.0,224.0,,
719,CNCO,CNCO,Mexico,11900000.0,Music & Dance,161800.0,20200.0,1000.0,,
720,TV9 Bharatvarsh,TV9 Bharatvarsh,India,11900000.0,News & Politics,4400.0,86.0,3.0,,
721,Republic Bharat,Republic Bharat,India,11900000.0,News & Politics,6200.0,0.0,7.0,,
722,Rubius Z,elrubius,Argentina,11900000.0,Movies,2300000.0,186900.0,2500.0,Animation,
723,TommyInnit,TommyInnit,United States,11800000.0,Animation,2400000.0,252700.0,11100.0,Video games,
724,MrGear,MrGear,United States,11800000.0,,72100.0,0.0,93.0,,
725,Tfue,TTfue,United States,11800000.0,Animation,140300.0,6100.0,278.0,Video games,
726,emma chamberlain,emma chamberlain,United States,11800000.0,Food & Drinks,3100000.0,220900.0,6300.0,,
727,MORGENSHTERN,MORGENSHTERN,Russia,11800000.0,Music & Dance,0.0,0.0,0.0,Movies,
728,123 GO!,123 GO!,United States,11800000.0,DIY & Life Hacks,374600.0,2900.0,99.0,,
729,Luan Santana,luansantanaoficial,Brazil,11800000.0,Music & Dance,2200000.0,33600.0,1200.0,,
730,DANIEL EL TRAVIESO VIDEOS,DANIEL EL TRAVIESO VIDEOS,Colombia,11800000.0,Animation,865300.0,42200.0,3000.0,Humor,
731,Duo Tiempo De Sol,TiempodeSol,,11800000.0,Music & Dance,122600.0,1100.0,0.0,Animation,
732,Nat and Essie,Nat and Essie,United States,11800000.0,Toys,54100.0,1300.0,0.0,,
733,FrontaL Gaming,FrontaL Gaming,,11800000.0,Movies,115500.0,7300.0,307.0,Animation,
734,웃웃TwinsFromRussia,N1Noobtubers,United States,11800000.0,Daily vlogs,107900.0,5200.0,22.0,,
735,Луномосик,Луномосик,Russia,11800000.0,Video games,2700000.0,61800.0,1700.0,,
736,Ben Azelart,Ben Azelart,United States,11800000.0,Video games,12400000.0,0.0,27400.0,Humor,
737,MBC مصر,MBCMASR,Egypt,11800000.0,,1900.0,25.0,1.0,,
738,El Trece,eltreceok,,11700000.0,News & Politics,2400.0,23.0,5.0,,
739,Koo Koo TV - Hindi,Koo Koo TV - Hindi,India,11700000.0,,210500.0,2900.0,71.0,,
740,办公室小野 Ms Yeah,办公室小野 Ms Yeah,United States,11700000.0,,520200.00000000006,37200.0,37.0,,
741,TsMadaan,TsMadaan,India,11700000.0,Education,3500.0,269.0,8.0,,
742,infobells - Kannada,infobellskannada,,11700000.0,Education,179600.0,987.0,0.0,,
743,Luli Pampín,lucygerardi43,,11700000.0,Music & Dance,3300000.0,8200.0,0.0,Animation,
744,YoungBoy Never Broke Again,YoungBoy Never Broke Again,United States,11700000.0,Music & Dance,29800.0,1700.0,95.0,,
745,Make Joke Of,Make Joke Of,India,11700000.0,Movies,14400000.0,0.0,30600.0,Animation,
746,Halsey,Halsey,United States,11600000.0,News & Politics,84500.0,10100.0,206.0,,
747,First We Feast,FirstWeFeast,United States,11600000.0,Food & Drinks,167200.0,3700.0,308.0,,
748,SBT,SBTonline,Brazil,11600000.0,,7800.0,332.0,3.0,,
749,Indore Physical Academy,Indore Physical Academy,India,11600000.0,,131200.0,9100.0,207.0,,
750,Garena Free Fire LATAM,Garena Free Fire LATAM,Mexico,11600000.0,,39500.0,2400.0,160.0,,
751,Spider Slack,Spider Slack,Brazil,11600000.0,,6000000.0,541700.0,614.0,,
752,Colors Rishtey,KapilComedyNights,India,11600000.0,,5000.0,45.0,2.0,,
753,Wild 'N Out,MTV2,United States,11600000.0,Music & Dance,202000.0,5400.0,167.0,Humor,
754,MC Divertida,MC Divertida,,11600000.0,Music & Dance,276600.0,2200.0,0.0,Movies,
755,Vy Qwaint,VyQwaint,United States,11600000.0,Video games,1800000.0,30100.0,6100.0,Humor,
756,LipaoGamer,FelipeViktor,Brazil,11600000.0,Movies,147300.0,9600.0,143.0,Animation,
757,الجانب المُشرق | Bright Side Arabic,الجانب المُشرق | Bright Side Arabic,Egypt,11500000.0,,27100.0,799.0,52.0,,
758,GoldminesAction,GoldminesAction,,11500000.0,,17000.0,207.0,0.0,,
759,Black Eyed Peas,blackeyedpeasvideo,United States,11500000.0,Music & Dance,28000.0,1300.0,107.0,,
760,Pragati Verma Shorts,Pragati Verma Shorts,India,11500000.0,,439600.0,54900.0,513.0,,
761,Lofi Girl,Lofi Girl,United States,11400000.0,Music & Dance,134800.0,5100.0,204.0,,
762,Biper y sus Amigos,Biperysusamigos,,11400000.0,Music & Dance,144700.0,0.0,0.0,Movies,
763,Maymo,crackrockcandy,United States,11400000.0,,275100.0,1100.0,48.0,,
764,Quantum Tech HD,Quantum Tech HD,United States,11400000.0,,1700000.0,7300.0,144.0,,
765,Tiana,Tiana,United Kingdom,11400000.0,Video games,419200.0,11300.0,916.0,Humor,
766,Annoying Orange,realannoyingorange,United States,11400000.0,Movies,161000.0,4700.0,497.0,Animation,
767,Mrwhosetheboss,Mrwhosetheboss,United States,11400000.0,Science & Technology,5000000.0,273200.0,9200.0,,
768,Маша та Ведмідь,MashaBearUkraine,,11400000.0,Education,184900.0,867.0,0.0,,
769,BBC Earth,BBCEarth,United States,11400000.0,,51600.0,1200.0,76.0,,
770,ExpCaseros,ExpCaseros,Spain,11400000.0,DIY & Life Hacks,76400.0,1700.0,159.0,Food & Drinks,
771,CrazyRussianHacker,CrazyRussianHacker,United States,11400000.0,Animation,48700.0,1800.0,85.0,Toys,
772,Single Track Studio,hawkrecord,India,11400000.0,Music & Dance,1600000.0,34800.0,1000.0,,
773,Yoga With Adriene,yogawithadriene,United States,11400000.0,Fitness,234600.0,9600.0,1600.0,,
774,UnspeakableReacts,UnspeakableGaming,United States,11400000.0,Video games,0.0,0.0,0.0,,
775,SonyLIV,sonyliv,India,11400000.0,,29300.0,377.0,13.0,,
776,Влад и Никита,Влад и Никита,,11400000.0,Toys,836400.0,3000.0,0.0,,
777,Franco Escamilla,francoescamilla,Mexico,11400000.0,,532400.0,15300.0,313.0,,
778,CaptainSparklez,CaptainSparklez,United States,11400000.0,Video games,84700.0,7300.0,357.0,,
779,CarryisLive,CarryisLive,India,11400000.0,,753300.0,68200.0,362.0,,
780,luzugames,luzugames,Mexico,11400000.0,Animation,121300.0,13800.0,171.0,Video games,
781,Pastor Antônio Júnior,prantoniojunior,Brazil,11400000.0,Music & Dance,328700.0,74800.0,7100.0,,
782,MyLifeAsEva,mylifeaseva,United States,11400000.0,Humor,0.0,0.0,0.0,,
783,penguinz0,penguinz0,United States,11400000.0,Animation,1700000.0,80100.0,4900.0,Video games,
784,POCOYÓ en ESPAÑOL - Canal Oficial,pocoyotv,,11400000.0,,357600.0,1200.0,0.0,,
785,Diana and Roma IND,Diana and Roma IND,,11400000.0,,401600.0,1800.0,0.0,,
786,Star Casablanca | نجوم الدار البيضاء,Star Casablanca | نجوم الدار البيضاء,Iraq,11400000.0,Music & Dance,13700.0,594.0,35.0,,
787,Kendrick Lamar,Kendrick Lamar,United States,11400000.0,,0.0,0.0,0.0,,
788,Vlad and Niki PRT,Vlad and Niki PRT,,11400000.0,,586900.0,0.0,0.0,,
789,Ya - Alisa,Ya - Alisa,,11300000.0,,3400.0,25.0,0.0,,
790,The Viral Fever,TheViralFeverVideos,India,11300000.0,Movies,312300.0,28900.0,476.0,Humor,
791,AlArabiya العربية,AlArabiya,Algeria,11300000.0,News & Politics,2600.0,50.0,9.0,,
792,Danny Fitt,Danny Fitt,Mexico,11300000.0,,711100.0,62700.0,289.0,,
793,ToysPlay,ToysPlay,,11300000.0,Animation,118300.0,1200.0,0.0,Toys,
794,BakLol Video,BakLol Video,India,11300000.0,Movies,935200.0,15000.0,915.0,Humor,
795,Avocado Couple I Crazy Comics,Avocado Couple I Crazy Comics,United States,11300000.0,,138200.0,1200.0,53.0,,
796,Fortnite,epicfortnite,United States,11200000.0,Movies,169300.0,8400.0,343.0,Video games,
797,Genius,RapGeniusVideo,United States,11200000.0,Music & Dance,43600.0,2700.0,132.0,Movies,
798,The Film Theorists,FilmTheorists,United States,11200000.0,Movies,2500000.0,156600.0,7400.0,,
799,Cut,watchcut,United States,11200000.0,Humor,532500.0,12700.0,688.0,,
800,"Sen, Momo, Ai & Shii's Channel",oyabakatousan,Japan,11200000.0,Daily vlogs,85000.0,220.0,2.0,,
801,Morphle TV,Morphle TV,,11200000.0,Animation,190400.0,0.0,0.0,Toys,
802,bharatzkitchen HINDI,bharatzkitchen HINDI,India,11200000.0,,257600.00000000003,6900.0,241.0,,
803,Magic Five,Magic Five,Russia,11200000.0,Travel,460500.0,27400.0,2500.0,,
804,Flowers Comedy,Flowers Comedy,India,11200000.0,,91700.0,1300.0,118.0,,
805,Acenix,Acenix,Mexico,11200000.0,Video games,0.0,0.0,0.0,,
806,Pari's Lifestyle,Pari's Lifestyle,India,11200000.0,Daily vlogs,1100000.0,14000.0,331.0,,
807,HellomaphieMX,HellomaphieMX,Mexico,11200000.0,,718900.0,45300.0,123.0,,
808,Mo Vlogs,Mo Vlogs,India,11200000.0,Humor,337500.0,14700.0,2000.0,Autos & Vehicles,
809,Inside Edition,cbstvdinsideedition,United States,11200000.0,News & Politics,179300.0,4600.0,645.0,,
810,Virgínia Fonseca,Virgínia Fonseca,Brazil,11200000.0,Movies,528200.0,40700.0,760.0,Humor,
811,Flamingo,Flamingo,United States,11200000.0,Animation,2200000.0,70500.0,9500.0,Video games,
812,Taylor RS,Taylor RS,United States,11200000.0,,75700.0,1600.0,5.0,,
813,Tyga,TygaTygaTV,United States,11200000.0,Music & Dance,9000000.0,288500.0,7000.0,,
814,Comedy Central,comedycentral,United States,11200000.0,Movies,35500.0,1100.0,48.0,Humor,
815,Chotoonz TV - Funny Cartoons for Kids,chotoonz,,11200000.0,,36300.0,0.0,0.0,,
816,Viih Tube,viihtubeoficial,Brazil,11100000.0,,78900.0,2800.0,104.0,,
817,OGGY,OGGY,,11100000.0,,297300.0,2600.0,0.0,,
818,DemolitionRanch,DemolitionRanch,United States,11000000.0,Video games,1600000.0,75900.0,8800.0,,
819,Barbie,barbie,,11000000.0,,158700.0,1100.0,0.0,,
820,핑크퐁 (인기 동요・동화),pinkfongko,Algeria,11000000.0,Education,55400.0,140.0,0.0,,
821,ExplosmEntertainment,ExplosmEntertainment,United States,11000000.0,Movies,278700.0,18400.0,235.0,Animation,
822,Coisa de Nerd,coisadenerd,Brazil,11000000.0,Design/art,588300.0,70800.0,1200.0,,
823,Hueva,XHuevaX,Mexico,11000000.0,Video games,656900.0,16300.0,407.0,,
824,Emily Tube,Emily Tube,,11000000.0,Animation,75400.0,14.0,0.0,Toys,
825,TrapMusicHDTV,TrapMusicHDTV,United States,11000000.0,,0.0,0.0,0.0,,
826,Oum Walid,Oum Walid,Algeria,11000000.0,Education,308900.0,19200.0,1500.0,,
827,Levinho,Levinho,India,11000000.0,,225200.0,20300.0,592.0,,
828,TWO SIDE GAMERS,TWO SIDE GAMERS,India,11000000.0,,724200.0,58800.0,3300.0,,
829,IShowSpeed,IShowSpeed,United States,11000000.0,Video games,1800000.0,73000.0,3500.0,Humor,
830,RS 1313 SHORTS,RS 1313 SHORTS,India,11000000.0,,253300.0,13000.0,28.0,,
831,JP Plays,jpgameplayfull,Brazil,11000000.0,Video games,190500.0,8900.0,132.0,,
832,Telugu Filmnagar,telugufilmnagar,India,11000000.0,,3500.0,61.0,2.0,,
833,Kênh Thiếu Nhi - BHMEDIA,doctruyencotich,United States,11000000.0,Music & Dance,17000.0,62.0,0.0,Animation,
834,Rachit Rojha,Rachit Rojha,India,11000000.0,,5200000.0,108200.0,5500.0,,
835,BIBO и Игрушки,BIBO и Игрушки,,11000000.0,Animation,0.0,0.0,0.0,Toys,
836,HikakinTV,HikakinTV,Japan,11000000.0,Music & Dance,2800000.0,73900.0,5100.0,Humor,
837,Slogo,Slogomanify,United States,11000000.0,Video games,377400.0,13700.0,590.0,,
838,SagaHits,sagahits,India,10900000.0,Music & Dance,28100.0,1300.0,84.0,,
839,Games EduUu,GamesEduUu,Brazil,10900000.0,Movies,1500000.0,190500.0,5000.0,Toys,
840,OYUNCAKOYNUYORUM,OYUNCAKOYNUYORUM,,10900000.0,,198000.0,850.0,0.0,,
841,NEXT9NEWS हर खबर आप तक,NEXT9NEWS हर खबर आप तक,India,10900000.0,News & Politics,5000.0,37.0,2.0,,
842,Juanpa Zurita,Juanpa Zurita,Mexico,10900000.0,,454600.0,28200.0,883.0,,
843,Jessica Jane,Jessica Jane,Indonesia,10900000.0,Food & Drinks,1200000.0,39300.0,861.0,,
844,AlJazeera Channel قناة الجزيرة,aljazeerachannel,Morocco,10900000.0,News & Politics,7800.0,112.0,35.0,,
845,Mundo Bita,mrplotvideos,,10900000.0,Music & Dance,203400.0,876.0,0.0,Movies,
846,Dobre Brothers,Dobre Brothers,United States,10900000.0,Movies,457900.0,18500.0,409.0,Humor,
847,Vox,Vox,United States,10800000.0,News & Politics,334600.0,14200.0,544.0,,
848,Miranda Sings,mirandasings08,United States,10800000.0,Movies,246500.0,11200.0,818.0,Humor,
849,قناة وناسة -  Wanasah TV,قناة وناسة -  Wanasah TV,,10800000.0,Music & Dance,2000000.0,11200.0,0.0,,
850,Experienced Mojaraba TV,Experienced Mojaraba TV,United States,10800000.0,Health & Self Help,22200.0,581.0,9.0,Food & Drinks,
851,Pen Multiplex,Pen Multiplex,India,10800000.0,,8000.0,69.0,4.0,,
852,Videogyan Nursery Rhymes - Kids Songs & Cartoons,videogyan,,10800000.0,Animation,39200.0,158.0,0.0,,
853,Troom Troom Arabic,Troom Troom Arabic,Egypt,10800000.0,,306600.0,6000.0,264.0,,
854,Zee Tamil,zeetamil,India,10800000.0,,12800.0,164.0,2.0,,
855,Milena Stepanienco - MILENINHA,Milena Stepanienco - MILENINHA,Brazil,10800000.0,Movies,1700000.0,10600.0,0.0,Animation,
856,Wamindia Movies,WAMIndiaMovies,India,10800000.0,,157800.0,2500.0,46.0,,
857,Golemcito Games,Golemcito Games,Peru,10800000.0,Movies,1500000.0,174100.0,3600.0,Animation,
858,Deji,ComedyShortsGamer,United Kingdom,10800000.0,Animation,2300000.0,278800.0,18100.0,Humor,
859,BE AMAZED,BE AMAZED,United States,10800000.0,Education,408600.0,10300.0,650.0,,
860,Heidi y Zidane en español,Heidi y Zidane en español,,10800000.0,Daily vlogs,250700.0,1100.0,0.0,,
861,Captain Watch Hits,Captain Watch Hits,India,10800000.0,,11200.0,75.0,3.0,,
862,Nirahua Music World,NirahuaMusic,India,10700000.0,,893600.0,17400.0,626.0,,
863,Ceylin - H Official,Ceylin - H Official,Turkey,10700000.0,Music & Dance,12800.0,0.0,0.0,,
864,RDC Gujarati,RDCGujarati,India,10700000.0,Music & Dance,14400.0,417.0,18.0,,
865,Primitive Technology,Primitive Technology,United States,10700000.0,DIY & Life Hacks,0.0,0.0,0.0,,
866,Goldmines Housefull,Goldmines Housefull,,10700000.0,,12200.0,0.0,0.0,,
867,HISTORY,historychannel,United States,10700000.0,Movies,189100.0,4000.0,392.0,,
868,Zee Kids,zeeqindia,,10700000.0,,10400.0,75.0,0.0,,
869,СТС,ctctv,Russia,10700000.0,Video games,178600.0,1300.0,41.0,Humor,
870,stampylonghead,stampylonghead,United States,10700000.0,Video games,119200.0,6100.0,1200.0,,
871,Kids smile TV,Kids smile TV,,10700000.0,Movies,268900.0,0.0,0.0,Toys,
872,KiKiDo,KiKiDo,Russia,10700000.0,Video games,3800000.0,72400.0,6400.0,Humor,
873,ChuChuTV Hindi,ChuChuTV Hindi,,10600000.0,Education,168500.0,1200.0,0.0,,
874,Jesse,PrankvsPrank,United States,10600000.0,Music & Dance,49000.0,2000.0,325.0,Humor,
875,Caso Cerrado,Caso Cerrado,Mexico,10600000.0,Animation,562100.0,5200.0,177.0,,
876,Franciny Ehlke,francinyehlke,Brazil,10600000.0,Fashion,876200.0,96500.0,1700.0,Design/art,
877,Red Bull,redbull,United States,10600000.0,Sports,290200.0,7300.0,240.0,,
878,Rathore Cassettes,rathorvideo,India,10600000.0,,8400.0,120.0,9.0,,
879,Chill Nation,ChillStepNation,United States,10600000.0,Music & Dance,35500.0,914.0,38.0,,
880,GoPro,GoProCamera,United States,10600000.0,Sports,52900.0,2100.0,71.0,,
881,TikTak Draw,TikTak Draw,Mexico,10600000.0,Animation,107500.0,6600.0,321.0,,
882,Gustavo Paródias,MrGustavoParodias,Brazil,10600000.0,,198600.0,20900.0,56.0,,
883,Google,Google,United States,10600000.0,,5500.0,105.0,12.0,,
884,Cong TV,lincolnvelasquez,Philippines,10600000.0,,3000000.0,180300.0,5100.0,,
885,AdamThomasMoran,AdamThomasMoran,Russia,10600000.0,Video games,577900.0,46800.0,2300.0,Humor,
886,Joe HaTTab,Joe HaTTab,Somalia,10600000.0,Movies,2000000.0,123700.0,4400.0,,
887,Peppa Pig Hindi,Peppa Pig Hindi,,10600000.0,Education,762100.0,4900.0,0.0,,
888,Matheus e Kauan,MeKcanal,Brazil,10600000.0,Music & Dance,5800.0,405.0,3.0,,
889,NASA,NASAtelevision,United States,10600000.0,News & Politics,182500.0,6100.0,0.0,Science & Technology,
890,The Noite com Danilo Gentili,sbtthenoite,Brazil,10600000.0,Movies,11100.0,537.0,25.0,Humor,
891,Lucas Rangel,rangeldovine,Brazil,10600000.0,,288700.0,26900.0,528.0,,
892,Craftingeek,craftingeek,Mexico,10600000.0,,111500.0,2400.0,202.0,,
893,"Baby Big Mouth Kids - Sing, Dance, Explore","Baby Big Mouth Kids - Sing, Dance, Explore",,10600000.0,Animation,716.0,6.0,0.0,Toys,
894,SmarterEveryDay,destinws2,United States,10600000.0,Science & Technology,1600000.0,0.0,6500.0,,
895,Pinkfong en español - Canciones Infantiles,Pinkfong en español - Canciones Infantiles,,10600000.0,Animation,96700.0,213.0,0.0,Toys,
896,As/Is,BuzzFeedYellow,United States,10600000.0,Daily vlogs,16700.0,527.0,18.0,,
897,Stone Music Entertainment,CJENMMUSIC,United States,10600000.0,Music & Dance,4900.0,382.0,17.0,Movies,
898,MTV,MTV,United States,10600000.0,Music & Dance,395900.0,9200.0,433.0,Movies,
899,DuDuPopTOY,DuDuPopTOY,,10500000.0,Animation,7200.0,70.0,0.0,Humor,
900,Cris Devil Gamer,Cris Devil Gamer,United States,10500000.0,Movies,779200.0,24000.0,615.0,Animation,
901,Magnet World,soicon295,United States,10500000.0,,56600.0,401.0,11.0,,
902,Guns N' Roses,Guns N' Roses,Brazil,10500000.0,Music & Dance,134300.0,9700.0,249.0,,
903,fouseyTUBE,fouseyTUBE,United States,10500000.0,Humor,122800.0,2600.0,302.0,,
904,Tanner Fox,MTflims,,10500000.0,Autos & Vehicles,140400.0,7000.0,521.0,Humor,
905,Playing with Rafael,Playing with Rafael,Brazil,10500000.0,,59000.0,1400.0,0.0,,
906,설기양SULGI,설기양SULGI,United States,10500000.0,ASMR,955600.0,22200.0,673.0,Food & Drinks,
907,Rawan and Rayan,Rawan and Rayan,Algeria,10500000.0,,1000000.0,70800.0,4200.0,,
908,Hindi Fairy Tales,Hindi Fairy Tales,India,10500000.0,,788200.0,10500.0,250.0,,
909,TwinRoozi 쌍둥이 루지,TwinRoozi 쌍둥이 루지,Indonesia,10400000.0,Daily vlogs,104200.0,0.0,0.0,,
910,How It Should Have Ended,HISHEdotcom,United States,10400000.0,Movies,117700.0,8500.0,121.0,Animation,
911,"SaraBeautyCorner - DIY, Comedy, Makeup, Nail Art",SaraBeautyCorner,United States,10400000.0,DIY & Life Hacks,31600.0,2000.0,43.0,,
912,Tomorrowland,TomorrowlandChannel,Brazil,10400000.0,Music & Dance,54700.0,1500.0,82.0,,
913,Toymong tv 토이몽TV,Toymong tv 토이몽TV,,10400000.0,,27100.0,210.0,0.0,,
914,Hindi Kahaniya,Hindi Kahaniya,India,10400000.0,,56100.0,836.0,21.0,,
915,Stray Kids,Stray Kids,United States,10400000.0,Music & Dance,1100000.0,141500.0,3800.0,Movies,
916,Sadhguru,sadhguru,India,10400000.0,Movies,134900.0,6300.0,231.0,,
917,tomiii 11,tomiii 11,Mexico,10400000.0,Daily vlogs,74100.0,6700.0,600.0,,
918,5-Minute Crafts LIKE,5-Minute Crafts LIKE,United States,10400000.0,,13300.0,140.0,4.0,,
919,LA DIVAZA,LA DIVAZA,Mexico,10400000.0,Music & Dance,1000000.0,79700.0,6500.0,Humor,
920,atv,atv,Turkey,10400000.0,Movies,11000.0,116.0,7.0,Animation,
921,GNP Music,GemaNadaPertiwi,Indonesia,10400000.0,Music & Dance,57900.0,1300.0,0.0,Animation,
922,Sanjoy Das Official,Sanjoy Das Official,India,10400000.0,,146600.0,24900.0,488.0,,
923,Lorrayne Oliveira,Lorrayne Oliveira,Brazil,10400000.0,Animation,573400.0,28000.0,1100.0,Humor,
924,Times Music,timesmusicindia,India,10400000.0,Music & Dance,665100.0,10000.0,620.0,,
925,Mussoumano,mamilosmolengas,Brazil,10400000.0,Music & Dance,1400000.0,58500.0,3200.0,Animation,
926,AsapSCIENCE,AsapSCIENCE,United States,10400000.0,Science & Technology,584600.0,29200.0,662.0,,
927,BBC News عربي,BBCArabicNews,Morocco,10400000.0,News & Politics,34400.0,517.0,121.0,,
928,Comedy Captain,Comedy Captain,India,10400000.0,,13300.0,122.0,4.0,,
929,はじめしゃちょー（hajime）,0214mex,Japan,10400000.0,Music & Dance,1700000.0,43800.0,1800.0,Humor,
930,Heroine Movies 2022,Heroine Movies 2022,India,10300000.0,Daily vlogs,248000.0,1500.0,20.0,,
931,Laurinha e Helena - Clubinho da Laura,JessicaJulioeBaby,Brazil,10300000.0,Movies,157600.0,3200.0,0.0,Animation,
932,Talent Recap,Talent Recap,United States,10300000.0,Music & Dance,74800.0,558.0,60.0,Movies,
933,Red Chillies Entertainment,ChennaiExp2013,India,10300000.0,,71500.0,885.0,23.0,,
934,Patty Mayo,Patty Mayo,United States,10300000.0,Movies,737500.0,27100.0,1200.0,Humor,
935,Sing King,singkingkaraoke,United States,10300000.0,Music & Dance,13400.0,206.0,13.0,,
936,PineappleStormTV,PineappleStormTV,Brazil,10200000.0,Music & Dance,954200.0,61000.0,2100.0,,
937,[햄지]Hamzy,[햄지]Hamzy,United States,10200000.0,,1900000.0,40900.0,1000.0,,
938,Receitas de Pai,Receitas de Pai,Brazil,10200000.0,Food & Drinks,92100.0,10400.0,312.0,,
939,5-Minute Recipes,5-Minute Recipes,India,10200000.0,,38200.0,414.0,12.0,,
940,Hindi Countdown,Hindi Countdown,India,10200000.0,Education,1300000.0,46100.0,1200.0,,
941,Sab Kuchh Sekho Jano,Sab Kuchh Sekho Jano,India,10200000.0,News & Politics,15200.0,1000.0,36.0,,
942,Dalas Review,DalasReview,Mexico,10200000.0,Science & Technology,568800.0,47600.0,8700.0,,
943,T-STUDIO,T-STUDIO,Indonesia,10200000.0,,28400.0,851.0,1.0,,
944,João Caetano,BrPVPHu3,Brazil,10200000.0,,486500.0,40100.0,464.0,,
945,Viki Show,Viki Show,Russia,10200000.0,Video games,1100000.0,38700.0,1900.0,Toys,
946,Wylsacom,Wylsacom,Russia,10200000.0,News & Politics,403700.0,17500.0,778.0,,
947,DRJ Records Specials,DRJ Records Specials,India,10200000.0,,21500.0,123.0,4.0,,
948,Miniminter,miniminter,United Kingdom,10200000.0,Video games,1200000.0,77100.0,1300.0,Humor,
949,Dynamo Gaming,Dynamo Gaming,India,10200000.0,,210200.0,22900.0,148.0,,
950,CS Bisht Vines,CS Bisht Vines,India,10200000.0,,2600000.0,25900.0,752.0,,
951,Survival Builder,Survival Builder,United States,10200000.0,,147500.0,2200.0,120.0,,
952,서은일상이야기,서은일상이야기,,10200000.0,,19700.0,148.0,0.0,,
953,hasanjr11,hasanjr11,Indonesia,10200000.0,,656900.0,26500.0,2600.0,,
954,Islam Populer,Islam Populer,Indonesia,10200000.0,Education,33100.0,998.0,129.0,,
955,Теремок ТВ,TeremokTV,,10200000.0,Video games,100000.0,845.0,0.0,,
956,Family Box,Family Box,Russia,10200000.0,Video games,522200.00000000006,13400.0,208.0,,
957,вДудь,вДудь,Russia,10200000.0,News & Politics,0.0,0.0,0.0,,
958,The Daily Show with Trevor Noah,The Daily Show with Trevor Noah,United States,10200000.0,News & Politics,261500.0,9800.0,439.0,,
959,Doctor Mike,Doctor Mike,United States,10100000.0,Health & Self Help,1600000.0,68700.0,3700.0,,
960,Beast Philanthropy,Beast Philanthropy,United States,10100000.0,Food & Drinks,7900000.0,504700.0,23600.0,,
961,Shemaroo Bhakti,bhaktisongs,India,10100000.0,Music & Dance,8600.0,173.0,17.0,,
962,Oneindia Hindi | वनइंडिया हिंदी,Oneindia Hindi | वनइंडिया हिंदी,India,10100000.0,News & Politics,2600.0,27.0,2.0,,
963,OneRepublic,OneRepublic,United States,10100000.0,Music & Dance,512200.00000000006,29900.0,340.0,,
964,truly,barcroftmedia,United States,10100000.0,News & Politics,21700.0,0.0,111.0,,
965,Jugnu Kids - Nursery Rhymes and Best Baby Songs,Jugnu Kids - Nursery Rhymes and Best Baby Songs,,10000000.0,Animation,229900.0,1700.0,0.0,,
966,ChuChuTV Español,ChuChuTV Español,,10000000.0,Toys,48000.0,248.0,0.0,,
967,Теремок - Песенки для детей,TeremokSongs,Russia,10000000.0,Music & Dance,110600.0,576.0,0.0,,
968,VitalyzdTv,VitalyzdTv,United States,10000000.0,Humor,112300.0,3700.0,574.0,,
969,EugenBro,EugenBro,Russia,10000000.0,Video games,387900.0,19500.0,2000.0,,
970,Nickelodeon,Nickelodeon,,10000000.0,Movies,46400.0,503.0,0.0,Animation,
971,UTKARSH CLASSES JODHPUR,UTKARSH CLASSES JODHPUR,India,10000000.0,Education,150800.0,11000.0,430.0,,
972,BERTH-OH,BERTH-OH,Mexico,10000000.0,Autos & Vehicles,770900.0,24200.0,442.0,,
973,RUOK,RUOK,Brazil,10000000.0,,389900.0,43600.0,2300.0,,
974,Vie Channel - HTV2,htv2channel,United States,10000000.0,Music & Dance,70200.0,682.0,42.0,,
975,Orkun Işıtmak,ThePersica,Turkey,10000000.0,Animation,1700000.0,69300.0,2900.0,,
976,123 GO! Hindi,123 GO! Hindi,India,10000000.0,,737700.0,5700.0,48.0,,
977,Family Fun Pack,familyfunpack,United States,10000000.0,,125300.0,2200.0,130.0,,
978,Netflix Latinoamérica,Netflix Latinoamérica,,10000000.0,,18300.0,551.0,38.0,,
979,مصطفى GAME OVER,مصطفى GAME OVER,Iraq,10000000.0,,625800.0,73900.0,3200.0,,
980,Little Angel Bahasa Indonesia - Lagu Anak,Little Angel Bahasa Indonesia - Lagu Anak,,10000000.0,Music & Dance,662900.0,4100.0,0.0,Toys,
981,VYRLOriginals,VYRLOriginals,India,10000000.0,Music & Dance,152900.0,6100.0,253.0,,
982,Mari Maria,makebymarimaria,Brazil,10000000.0,Fashion,78700.0,4500.0,170.0,DIY & Life Hacks,
983,Eagle Home Entertainments,Eagle Home Entertainments,India,10000000.0,,1400.0,11.0,0.0,,
984,SULE PRODUCTIONS,SULE PRODUCTIONS,Indonesia,9900000.0,,361700.0,10300.0,522.0,,
985,Shruti Arjun Anand,shrutiarjunanand,India,9900000.0,Movies,616600.0,13200.0,625.0,Humor,
986,Dharma Productions,Dharma Productions,India,9900000.0,,32500.0,1200.0,156.0,,
987,SEVENGERS,SEVENGERS,India,9900000.0,,5800000.0,509100.0,905.0,,
988,Programa Panico,panicopgm,Brazil,9900000.0,Toys,45000.0,1700.0,48.0,,
989,QPark,joycetanner,United States,9900000.0,Music & Dance,197600.0,13800.0,219.0,Humor,
990,The Voice Global,The Voice Global,United States,9900000.0,Music & Dance,302500.0,2900.0,78.0,,
991,NH Studioz,nhstudioz,India,9900000.0,,20100.0,156.0,4.0,,
992,Prince Royce,Prince Royce,United States,9900000.0,Music & Dance,6400.0,638.0,18.0,,
993,MBCkpop,MBCkpop,Malaysia,9900000.0,Music & Dance,2900.0,284.0,14.0,,
994,The Bee Family,ehbeefamily,United States,9900000.0,Daily vlogs,325100.0,15700.0,184.0,,
995,Fox News,FoxNewsChannel,United States,9900000.0,News & Politics,148900.0,5500.0,1600.0,,
996,Raditya Dika,Raditya Dika,Indonesia,9900000.0,Food & Drinks,430500.0,14800.0,741.0,,
997,Ini Talk Show,IniTalkShow,Indonesia,9900000.0,Music & Dance,25200.0,290.0,17.0,Humor,
998,SpriteDer SPD,SpriteDer SPD,Thailand,9900000.0,Humor,4400000.0,154400.0,3600.0,,
999,Classic Mr Bean,Classic Mr Bean,India,9900000.0,,132600.0,1100.0,53.0,,
1000,Heera Gold,Heera Gold,Pakistan,9900000.0,Daily vlogs,39400.0,1600.0,161.0,,